Date,Time,DayHigh,DayLow,IsDayHighBreak,IsDayLowBreak,ComesBackToDayHigh,ComesBackToDayLow,TargetHigh,points_from_target_high,percentChangeTargetHigh,SLHigh,points_from_SL_High,percentageChangeSLHigh,TargetLow,points_from_Target_Low,percentageChangeTargetLow,SLLow,points_from_SL_low,percentageChangeSLLow,Closing,ClosingPointDiffForHigh,ClosingPointDiffForLow,noBreak
20130101,10:45,5952.30,5935.20,True,False,True,False,5963.90,11.60,0.19,5944.65,-7.65,-0.13,0.00,0.00,0.0,0.00,0.00,0.0,5951.05,-1.25,0.00,False
20130102,10:45,5997.75,5982.00,True,False,True,False,6006.05,8.30,0.14,5986.90,-10.85,-0.18,0.00,0.00,0.0,0.00,0.00,0.0,5992.10,-5.65,0.00,False
20130103,10:45,6017.00,5986.55,False,False,False,False,0.00,0.00,0.0,0.00,0.00,0.0,0.00,0.00,0.0,0.00,0.00,0.0,6007.40,0.00,0.00,True
20130104,10:45,6007.35,5982.70,True,True,True,False,6020.75,13.40,0.22,5981.55,-25.80,-0.43,5981.55,1.15,0.02,6020.75,-38.05,-0.64,6014.25,6.90,-31.55,False
20130107,10:45,6039.25,6012.50,False,True,False,True,0.00,0.00,0.0,0.00,0.00,0.0,5978.35,34.15,0.57,6026.45,-13.95,-0.23,5982.25,0.00,30.25,False
20130108,10:45,5990.65,5967.70,True,True,True,True,6007.05,16.40,0.27,5964.40,-26.25,-0.44,5964.40,3.30,0.06,6007.05,-39.35,-0.66,6001.55,10.90,-33.85,False
20130109,10:45,6015.55,6005.20,True,True,True,True,6020.10,4.55,0.08,5958.45,-57.10,-0.95,5958.45,46.75,0.78,6020.10,-14.90,-0.25,5972.35,-43.20,32.85,False
20130110,10:45,6005.15,5969.35,False,True,False,True,0.00,0.00,0.0,0.00,0.00,0.0,5947.30,22.05,0.37,5983.90,-14.55,-0.24,5963.20,0.00,6.15,False
20130111,10:45,6018.85,5975.55,False,True,False,True,0.00,0.00,0.0,0.00,0.00,0.0,5940.60,34.95,0.58,5991.50,-15.95,-0.27,5942.95,0.00,32.60,False
20130114,10:45,6002.45,5962.15,True,False,True,False,6035.00,32.55,0.54,5978.25,-24.20,-0.4,0.00,0.00,0.0,0.00,0.00,0.0,6032.80,30.35,0.00,False
20130115,10:45,6044.60,6023.20,True,True,True,True,6068.50,23.90,0.4,6018.60,-26.00,-0.43,6018.60,4.60,0.08,6068.50,-45.30,-0.75,6057.65,13.05,-34.45,False
20130116,10:45,6055.95,6038.30,False,True,False,True,0.00,0.00,0.0,0.00,0.00,0.0,5992.05,46.25,0.77,6055.10,-16.80,-0.28,5998.25,0.00,40.05,False
20130117,10:45,6023.70,5988.10,True,False,True,False,6053.20,29.50,0.49,6008.50,-15.20,-0.25,0.00,0.00,0.0,0.00,0.00,0.0,6036.45,12.75,0.00,False
20130118,10:45,6083.40,6059.20,False,True,False,True,0.00,0.00,0.0,0.00,0.00,0.0,6048.30,10.90,0.18,6078.45,-19.25,-0.32,6059.75,0.00,-0.55,False
20130121,10:45,6094.35,6069.40,False,True,False,True,0.00,0.00,0.0,0.00,0.00,0.0,6065.10,4.30,0.07,6091.90,-22.50,-0.37,6081.60,0.00,-12.20,False
20130122,10:45,6101.30,6078.80,False,True,False,True,0.00,0.00,0.0,0.00,0.00,0.0,6040.50,38.30,0.63,6101.15,-22.35,-0.37,6043.60,0.00,35.20,False
20130123,10:45,6069.80,6050.65,False,True,False,True,0.00,0.00,0.0,0.00,0.00,0.0,6021.15,29.50,0.49,6064.80,-14.15,-0.23,6060.60,0.00,-9.95,False
20130124,10:45,6065.30,6007.85,False,False,False,False,0.00,0.00,0.0,0.00,0.00,0.0,0.00,0.00,0.0,0.00,0.00,0.0,6022.85,0.00,0.00,True
20130125,10:45,6036.35,6014.45,True,False,True,False,6079.95,43.60,0.72,6017.00,-19.35,-0.32,0.00,0.00,0.0,0.00,0.00,0.0,6077.85,41.50,0.00,False
20130128,10:45,6088.40,6072.35,False,True,False,True,0.00,0.00,0.0,0.00,0.00,0.0,6061.40,10.95,0.18,6084.00,-11.65,-0.19,6073.95,0.00,-1.60,False
20130129,10:45,6075.35,6056.15,True,True,True,True,6111.80,36.45,0.6,6042.45,-32.90,-0.54,6042.45,13.70,0.23,6111.80,-55.65,-0.92,6043.60,-31.75,12.55,False
20130130,10:45,6071.95,6053.30,False,True,False,True,0.00,0.00,0.0,0.00,0.00,0.0,6044.15,9.15,0.15,6069.65,-16.35,-0.27,6056.40,0.00,-3.10,False
20130131,10:45,6058.05,6042.30,False,True,False,True,0.00,0.00,0.0,0.00,0.00,0.0,6025.15,17.15,0.28,6057.45,-15.15,-0.25,6031.15,0.00,11.15,False
20130201,10:45,6052.95,6032.10,False,True,False,True,0.00,0.00,0.0,0.00,0.00,0.0,5983.20,48.90,0.81,6044.90,-12.80,-0.21,6002.95,0.00,29.15,False
20130204,10:45,6038.50,6019.10,False,True,False,True,0.00,0.00,0.0,0.00,0.00,0.0,5981.25,37.85,0.63,6032.00,-12.90,-0.21,5988.85,0.00,30.25,False
20130205,10:45,5969.85,5947.90,True,True,True,False,5970.35,0.50,0.01,5946.90,-22.95,-0.38,5946.90,1.00,0.02,5970.35,-22.45,-0.38,5957.80,-12.05,-9.90,False
20130206,10:45,5990.90,5967.70,False,True,False,True,0.00,0.00,0.0,0.00,0.00,0.0,5953.15,14.55,0.24,5984.35,-16.65,-0.28,5954.10,0.00,13.60,False
20130207,10:45,5978.50,5938.65,False,True,False,True,0.00,0.00,0.0,0.00,0.00,0.0,5927.60,11.05,0.19,5969.90,-31.25,-0.53,5941.25,0.00,-2.60,False
20130208,10:45,5953.70,5929.05,False,True,False,True,0.00,0.00,0.0,0.00,0.00,0.0,5883.65,45.40,0.77,5950.05,-21.00,-0.35,5895.05,0.00,34.00,False
20130211,10:45,5924.15,5887.15,False,True,False,True,0.00,0.00,0.0,0.00,0.00,0.0,5879.10,8.05,0.14,5916.30,-29.15,-0.5,5897.55,0.00,-10.40,False
20130212,10:45,5913.30,5892.95,True,True,True,True,5927.65,14.35,0.24,5886.45,-26.85,-0.45,5886.45,6.50,0.11,5927.65,-34.70,-0.59,5924.40,11.10,-31.45,False
20130213,10:45,5969.50,5938.25,False,True,False,True,0.00,0.00,0.0,0.00,0.00,0.0,5922.95,15.30,0.26,5968.85,-30.60,-0.52,5934.75,0.00,3.50,False
20130214,10:45,5940.20,5920.30,False,True,False,True,0.00,0.00,0.0,0.00,0.00,0.0,5884.70,35.60,0.6,5938.50,-18.20,-0.31,5887.15,0.00,33.15,False
20130215,10:45,5889.45,5862.80,True,True,True,True,5899.95,10.50,0.18,5853.90,-35.55,-0.6,5853.90,8.90,0.15,5899.95,-37.15,-0.63,5874.65,-14.80,-11.85,False
20130218,10:45,5896.55,5878.45,True,False,True,False,5911.00,14.45,0.25,5893.05,-3.50,-0.06,0.00,0.00,0.0,0.00,0.00,0.0,5897.35,0.80,0.00,False
20130219,10:45,5904.15,5889.35,True,True,True,True,5947.55,43.40,0.74,5883.15,-21.00,-0.36,5883.15,6.20,0.11,5947.55,-58.20,-0.99,5945.30,41.15,-55.95,False
20130220,10:45,5971.00,5949.30,False,True,False,True,0.00,0.00,0.0,0.00,0.00,0.0,5937.55,11.75,0.2,5956.25,-6.95,-0.12,5943.40,0.00,5.90,False
20130221,10:45,5921.15,5886.55,False,True,False,True,0.00,0.00,0.0,0.00,0.00,0.0,5844.40,42.15,0.72,5898.40,-11.85,-0.2,5848.00,0.00,38.55,False
20130222,10:45,5862.30,5835.80,True,False,True,False,5873.80,11.50,0.2,5843.25,-19.05,-0.32,0.00,0.00,0.0,0.00,0.00,0.0,5844.30,-18.00,0.00,False
20130225,10:45,5874.25,5837.30,True,True,True,True,5878.40,4.15,0.07,5825.00,-49.25,-0.84,5825.00,12.30,0.21,5878.40,-41.10,-0.7,5852.05,-22.20,-14.75,False
20130226,10:45,5838.85,5810.45,False,True,False,True,0.00,0.00,0.0,0.00,0.00,0.0,5748.60,61.85,1.06,5819.50,-9.05,-0.16,5763.00,0.00,47.45,False
20130227,10:45,5796.50,5749.70,True,False,True,False,5818.20,21.70,0.37,5761.75,-34.75,-0.6,0.00,0.00,0.0,0.00,0.00,0.0,5796.30,-0.20,0.00,False
20130228,10:45,5849.90,5820.60,False,True,False,True,0.00,0.00,0.0,0.00,0.00,0.0,5671.90,148.70,2.55,5839.55,-18.95,-0.33,5706.75,0.00,113.85,False
20130301,10:45,5728.15,5679.90,True,False,True,False,5739.45,11.30,0.2,5691.80,-36.35,-0.63,0.00,0.00,0.0,0.00,0.00,0.0,5720.95,-7.20,0.00,False
20130304,10:45,5712.00,5663.60,False,False,False,False,0.00,0.00,0.0,0.00,0.00,0.0,0.00,0.00,0.0,0.00,0.00,0.0,5698.55,0.00,0.00,True
20130305,10:45,5742.35,5722.40,True,False,True,False,5790.10,47.75,0.83,5724.45,-17.90,-0.31,0.00,0.00,0.0,0.00,0.00,0.0,5782.60,40.25,0.00,False
20130306,10:45,5821.00,5795.05,True,False,True,False,5828.70,7.70,0.13,5802.90,-18.10,-0.31,0.00,0.00,0.0,0.00,0.00,0.0,5820.70,-0.30,0.00,False
20130307,10:45,5820.55,5803.60,True,True,True,False,5876.35,55.80,0.96,5802.75,-17.80,-0.31,5802.75,0.85,0.01,5876.35,-72.75,-1.25,5872.90,52.35,-69.30,False
20130308,10:45,5914.15,5883.00,True,False,True,False,5952.85,38.70,0.65,5892.05,-22.10,-0.37,0.00,0.00,0.0,0.00,0.00,0.0,5941.10,26.95,0.00,False
20130311,10:45,5961.80,5935.65,True,True,True,True,5971.20,9.40,0.16,5931.05,-30.75,-0.52,5931.05,4.60,0.08,5971.20,-35.55,-0.6,5932.75,-29.05,2.90,False
20130312,10:45,5951.00,5935.40,True,True,True,True,5952.00,1.00,0.02,5893.65,-57.35,-0.96,5893.65,41.75,0.7,5952.00,-16.60,-0.28,5908.15,-42.85,27.25,False
20130313,10:45,5888.45,5869.05,True,True,True,True,5893.85,5.40,0.09,5842.25,-46.20,-0.78,5842.25,26.80,0.46,5893.85,-24.80,-0.42,5845.35,-43.10,23.70,False
20130314,10:45,5863.80,5791.75,True,False,True,False,5920.15,56.35,0.96,5818.20,-45.60,-0.78,0.00,0.00,0.0,0.00,0.00,0.0,5908.85,45.05,0.00,False
20130315,10:45,5945.65,5910.05,False,True,False,True,0.00,0.00,0.0,0.00,0.00,0.0,5861.00,49.05,0.83,5917.35,-7.30,-0.12,5872.75,0.00,37.30,False
20130318,10:45,5842.45,5814.35,True,False,True,False,5850.20,7.75,0.13,5818.40,-24.05,-0.41,0.00,0.00,0.0,0.00,0.00,0.0,5830.90,-11.55,0.00,False
20130319,10:45,5863.60,5834.00,False,True,False,True,0.00,0.00,0.0,0.00,0.00,0.0,5724.30,109.70,1.88,5843.65,-9.65,-0.17,5746.80,0.00,87.20,False
20130320,10:45,5745.30,5705.95,False,True,False,True,0.00,0.00,0.0,0.00,0.00,0.0,5682.30,23.65,0.41,5740.80,-34.85,-0.61,5700.90,0.00,5.05,False
20130321,10:45,5728.80,5670.50,True,True,True,True,5757.75,28.95,0.51,5647.95,-80.85,-1.41,5647.95,22.55,0.4,5757.75,-87.25,-1.54,5656.70,-72.10,13.80,False
20130322,10:45,5676.80,5649.40,True,True,True,True,5691.45,14.65,0.26,5631.80,-45.00,-0.79,5631.80,17.60,0.31,5691.45,-42.05,-0.74,5648.30,-28.50,1.10,False
20130325,10:45,5718.40,5683.00,False,True,False,True,0.00,0.00,0.0,0.00,0.00,0.0,5624.40,58.60,1.03,5699.65,-16.65,-0.29,5633.95,0.00,49.05,False
20130326,10:45,5644.80,5612.05,True,False,True,False,5655.30,10.50,0.19,5626.15,-18.65,-0.33,0.00,0.00,0.0,0.00,0.00,0.0,5634.40,-10.40,0.00,False
20130328,10:45,5647.80,5604.85,True,False,True,False,5692.55,44.75,0.79,5613.40,-34.40,-0.61,0.00,0.00,0.0,0.00,0.00,0.0,5689.50,41.70,0.00,False
20130401,10:45,5720.95,5688.10,False,True,False,True,0.00,0.00,0.0,0.00,0.00,0.0,5675.90,12.20,0.21,5713.15,-25.05,-0.44,5699.10,0.00,-11.00,False
20130402,10:45,5710.15,5687.15,True,False,True,False,5754.60,44.45,0.78,5692.25,-17.90,-0.31,0.00,0.00,0.0,0.00,0.00,0.0,5745.50,35.35,0.00,False
20130403,10:45,5743.85,5720.50,True,True,True,True,5744.95,1.10,0.02,5650.10,-93.75,-1.63,5650.10,70.40,1.23,5744.95,-24.45,-0.43,5666.05,-77.80,54.45,False
20130404,10:45,5643.45,5606.80,True,True,True,True,5644.45,1.00,0.02,5565.65,-77.80,-1.38,5565.65,41.15,0.73,5644.45,-37.65,-0.67,5572.75,-70.70,34.05,False
20130405,10:45,5577.30,5555.15,False,True,False,True,0.00,0.00,0.0,0.00,0.00,0.0,5534.70,20.45,0.37,5575.45,-20.30,-0.37,5545.75,0.00,9.40,False
20130408,10:45,5569.20,5544.90,False,True,False,True,0.00,0.00,0.0,0.00,0.00,0.0,5537.05,7.85,0.14,5559.00,-14.10,-0.25,5544.00,0.00,0.90,False
20130409,10:45,5580.60,5558.45,True,True,True,True,5603.05,22.45,0.4,5487.00,-93.60,-1.68,5487.00,71.45,1.29,5603.05,-44.60,-0.8,5491.75,-88.85,66.70,False
20130410,10:45,5536.40,5488.60,True,True,True,True,5569.25,32.85,0.59,5477.20,-59.20,-1.07,5477.20,11.40,0.21,5569.25,-80.65,-1.47,5552.10,15.70,-63.50,False
20130411,10:45,5610.60,5566.85,True,True,True,True,5610.65,0.05,0.0,5542.85,-67.75,-1.21,5542.85,24.00,0.43,5610.65,-43.80,-0.79,5586.15,-24.45,-19.30,False
20130412,10:45,5544.50,5494.90,False,False,False,False,0.00,0.00,0.0,0.00,0.00,0.0,0.00,0.00,0.0,0.00,0.00,0.0,5519.80,0.00,0.00,True
20130415,10:45,5525.20,5500.30,True,False,True,False,5592.85,67.65,1.22,5517.00,-8.20,-0.15,0.00,0.00,0.0,0.00,0.00,0.0,5560.75,35.55,0.00,False
20130416,10:45,5629.05,5555.85,True,False,True,False,5699.25,70.20,1.25,5625.90,-3.15,-0.06,0.00,0.00,0.0,0.00,0.00,0.0,5687.05,58.00,0.00,False
20130417,10:45,5723.65,5682.25,True,True,True,True,5732.15,8.50,0.15,5669.00,-54.65,-0.95,5669.00,13.25,0.23,5732.15,-49.90,-0.88,5693.45,-30.20,-11.20,False
20130418,10:45,5711.35,5681.85,True,False,True,False,5794.35,83.00,1.45,5708.00,-3.35,-0.06,0.00,0.00,0.0,0.00,0.00,0.0,5774.50,63.15,0.00,False
20130422,10:45,5833.45,5789.80,True,False,True,False,5844.85,11.40,0.2,5794.55,-38.90,-0.67,0.00,0.00,0.0,0.00,0.00,0.0,5842.80,9.35,0.00,False
20130423,10:45,5843.35,5807.30,True,True,True,True,5844.30,0.95,0.02,5791.55,-51.80,-0.89,5791.55,15.75,0.27,5844.30,-37.00,-0.64,5834.70,-8.65,-27.40,False
20130425,10:45,5889.60,5853.30,True,False,True,False,5924.60,35.00,0.59,5860.20,-29.40,-0.5,0.00,0.00,0.0,0.00,0.00,0.0,5913.70,24.10,0.00,False
20130426,10:45,5907.05,5879.15,False,True,False,True,0.00,0.00,0.0,0.00,0.00,0.0,5860.50,18.65,0.32,5899.70,-20.55,-0.35,5874.65,0.00,4.50,False
20130429,10:45,5899.15,5871.15,True,True,True,False,5918.65,19.50,0.33,5868.80,-30.35,-0.51,5868.80,2.35,0.04,5918.65,-47.50,-0.81,5902.05,2.90,-30.90,False
20130430,10:45,5962.30,5926.65,False,True,False,True,0.00,0.00,0.0,0.00,0.00,0.0,5867.80,58.85,0.99,5940.70,-14.05,-0.24,5923.15,0.00,3.50,False
20130502,10:45,5970.95,5910.95,True,False,True,False,6019.45,48.50,0.81,5966.80,-4.15,-0.07,0.00,0.00,0.0,0.00,0.00,0.0,6000.80,29.85,0.00,False
20130503,10:45,6000.30,5963.45,False,True,False,True,0.00,0.00,0.0,0.00,0.00,0.0,5930.15,33.30,0.56,5999.85,-36.40,-0.61,5943.85,0.00,19.60,False
20130506,10:45,5963.00,5928.45,True,False,True,False,5976.50,13.50,0.23,5936.65,-26.35,-0.44,0.00,0.00,0.0,0.00,0.00,0.0,5974.15,11.15,0.00,False
20130507,10:45,6011.10,5982.95,True,False,True,False,6050.50,39.40,0.66,5993.90,-17.20,-0.29,0.00,0.00,0.0,0.00,0.00,0.0,6042.30,31.20,0.00,False
20130508,10:45,6070.15,6045.90,True,True,True,True,6081.00,10.85,0.18,6024.95,-45.20,-0.74,6024.95,20.95,0.35,6081.00,-35.10,-0.58,6078.55,8.40,-32.65,False
20130509,10:45,6084.70,6053.95,False,True,False,True,0.00,0.00,0.0,0.00,0.00,0.0,6040.45,13.50,0.22,6083.05,-29.10,-0.48,6056.30,0.00,-2.35,False
20130510,10:45,6074.65,6045.60,True,False,True,False,6105.30,30.65,0.5,6046.70,-27.95,-0.46,0.00,0.00,0.0,0.00,0.00,0.0,6091.05,16.40,0.00,False
20130511,10:45,6088.20,6088.20,True,True,True,False,6114.55,26.35,0.43,6084.15,-4.05,-0.07,6084.15,4.05,0.07,6114.55,-26.35,-0.43,6107.25,19.05,-19.05,False
20130513,10:45,6104.95,6063.40,False,True,False,True,0.00,0.00,0.0,0.00,0.00,0.0,5972.90,90.50,1.49,6087.90,-24.50,-0.4,5977.15,0.00,86.25,False
20130514,10:45,6003.70,5970.05,True,False,True,False,6026.20,22.50,0.37,5976.75,-26.95,-0.45,0.00,0.00,0.0,0.00,0.00,0.0,5993.45,-10.25,0.00,False
20130515,10:45,6100.60,6019.90,True,False,True,False,6157.10,56.50,0.93,6093.50,-7.10,-0.12,0.00,0.00,0.0,0.00,0.00,0.0,6146.85,46.25,0.00,False
20130516,10:45,6187.30,6130.90,False,False,False,False,0.00,0.00,0.0,0.00,0.00,0.0,0.00,0.00,0.0,0.00,0.00,0.0,6172.15,0.00,0.00,True
20130517,10:45,6188.60,6153.85,True,True,True,True,6199.95,11.35,0.18,6146.15,-42.45,-0.69,6146.15,7.70,0.13,6199.95,-46.10,-0.75,6185.20,-3.40,-31.35,False
20130520,10:45,6229.45,6195.25,False,True,False,True,0.00,0.00,0.0,0.00,0.00,0.0,6146.05,49.20,0.79,6226.90,-31.65,-0.51,6162.10,0.00,33.15,False
20130521,10:45,6173.10,6138.65,True,True,True,True,6180.25,7.15,0.12,6102.35,-70.75,-1.15,6102.35,36.30,0.59,6180.25,-41.60,-0.68,6114.80,-58.30,23.85,False
20130522,10:45,6147.60,6118.80,False,True,False,True,0.00,0.00,0.0,0.00,0.00,0.0,6074.45,44.35,0.72,6138.35,-19.55,-0.32,6103.20,0.00,15.60,False
20130523,10:45,6081.45,6029.15,False,True,False,True,0.00,0.00,0.0,0.00,0.00,0.0,5955.70,73.45,1.22,6039.15,-10.00,-0.17,5973.30,0.00,55.85,False
20130524,10:45,6015.30,5936.80,False,False,False,False,0.00,0.00,0.0,0.00,0.00,0.0,0.00,0.00,0.0,0.00,0.00,0.0,5988.90,0.00,0.00,True
20130527,10:45,6033.65,5975.55,True,False,True,False,6099.90,66.25,1.1,6012.35,-21.30,-0.35,0.00,0.00,0.0,0.00,0.00,0.0,6071.05,37.40,0.00,False
20130528,10:45,6111.35,6070.75,True,True,True,True,6127.65,16.30,0.27,6055.40,-55.95,-0.92,6055.40,15.35,0.25,6127.65,-56.90,-0.94,6110.15,-1.20,-39.40,False
20130529,10:45,6125.05,6083.10,False,True,False,True,0.00,0.00,0.0,0.00,0.00,0.0,6069.80,13.30,0.22,6113.70,-30.60,-0.5,6100.00,0.00,-16.90,False
20130530,10:45,6103.40,6073.15,True,False,True,False,6133.75,30.35,0.5,6081.70,-21.70,-0.36,0.00,0.00,0.0,0.00,0.00,0.0,6117.40,14.00,0.00,False
20130531,10:45,6106.25,6031.80,False,True,False,True,0.00,0.00,0.0,0.00,0.00,0.0,5975.55,56.25,0.93,6061.20,-29.40,-0.49,5984.80,0.00,47.00,False
20130603,10:45,6011.00,5955.45,False,True,False,True,0.00,0.00,0.0,0.00,0.00,0.0,5916.35,39.10,0.66,5965.95,-10.50,-0.18,5937.55,0.00,17.90,False
20130604,10:45,5981.60,5932.85,False,True,False,True,0.00,0.00,0.0,0.00,0.00,0.0,5910.25,22.60,0.38,5975.40,-42.55,-0.72,5922.75,0.00,10.10,False
20130605,10:45,5915.75,5883.70,True,False,True,False,5935.20,19.45,0.33,5887.00,-28.75,-0.49,0.00,0.00,0.0,0.00,0.00,0.0,5921.95,6.20,0.00,False
20130606,10:45,5897.15,5869.50,True,False,True,False,5956.55,59.40,1.01,5889.70,-7.45,-0.13,0.00,0.00,0.0,0.00,0.00,0.0,5913.60,16.45,0.00,False
20130607,10:45,5917.95,5886.60,True,True,True,True,5972.70,54.75,0.93,5871.30,-46.65,-0.79,5871.30,15.30,0.26,5972.70,-86.10,-1.46,5883.45,-34.50,3.15,False
20130610,10:45,5931.65,5874.20,False,True,False,True,0.00,0.00,0.0,0.00,0.00,0.0,5857.40,16.80,0.29,5913.75,-39.55,-0.67,5889.55,0.00,-15.35,False
20130611,10:45,5868.05,5832.20,False,True,False,True,0.00,0.00,0.0,0.00,0.00,0.0,5780.35,51.85,0.89,5839.90,-7.70,-0.13,5784.80,0.00,47.40,False
20130612,10:45,5789.95,5756.10,True,True,True,True,5792.90,2.95,0.05,5738.60,-51.35,-0.89,5738.60,17.50,0.3,5792.90,-36.80,-0.64,5763.40,-26.55,-7.30,False
20130613,10:45,5729.85,5695.70,False,True,False,True,0.00,0.00,0.0,0.00,0.00,0.0,5683.10,12.60,0.22,5722.10,-26.40,-0.46,5693.95,0.00,1.75,False
20130614,10:45,5780.40,5739.40,True,False,True,False,5819.40,39.00,0.67,5763.25,-17.15,-0.3,0.00,0.00,0.0,0.00,0.00,0.0,5806.95,26.55,0.00,False
20130617,10:45,5825.55,5793.35,True,True,True,True,5854.90,29.35,0.5,5770.25,-55.30,-0.95,5770.25,23.10,0.4,5854.90,-61.55,-1.06,5850.05,24.50,-56.70,False
20130618,10:45,5843.95,5815.15,True,True,True,True,5863.40,19.45,0.33,5804.30,-39.65,-0.68,5804.30,10.85,0.19,5863.40,-48.25,-0.83,5814.05,-29.90,1.10,False
20130619,10:45,5809.25,5777.90,True,False,True,False,5828.40,19.15,0.33,5783.55,-25.70,-0.44,0.00,0.00,0.0,0.00,0.00,0.0,5822.20,12.95,0.00,False
20130620,10:45,5755.00,5686.60,False,True,False,True,0.00,0.00,0.0,0.00,0.00,0.0,5646.60,40.00,0.7,5705.30,-18.70,-0.33,5652.60,0.00,34.00,False
20130621,10:45,5666.05,5616.85,True,False,True,False,5686.15,20.10,0.35,5624.40,-41.65,-0.74,0.00,0.00,0.0,0.00,0.00,0.0,5667.50,1.45,0.00,False
20130624,10:45,5640.00,5606.80,False,True,False,True,0.00,0.00,0.0,0.00,0.00,0.0,5566.25,40.55,0.72,5629.50,-22.70,-0.4,5599.15,0.00,7.65,False
20130625,10:45,5616.90,5570.25,True,False,True,False,5666.25,49.35,0.88,5572.90,-44.00,-0.78,0.00,0.00,0.0,0.00,0.00,0.0,5601.50,-15.40,0.00,False
20130626,10:45,5635.25,5609.00,False,True,False,True,0.00,0.00,0.0,0.00,0.00,0.0,5579.35,29.65,0.53,5630.30,-21.30,-0.38,5582.75,0.00,26.25,False
20130627,10:45,5662.25,5639.60,True,True,True,True,5699.35,37.10,0.66,5630.95,-31.30,-0.55,5630.95,8.65,0.15,5699.35,-59.75,-1.06,5682.10,19.85,-42.50,False
20130628,10:45,5784.30,5756.50,True,False,True,False,5852.95,68.65,1.19,5770.55,-13.75,-0.24,0.00,0.00,0.0,0.00,0.00,0.0,5832.50,48.20,0.00,False
20130701,10:45,5870.35,5822.20,True,False,True,False,5904.35,34.00,0.58,5848.30,-22.05,-0.38,0.00,0.00,0.0,0.00,0.00,0.0,5899.75,29.40,0.00,False
20130702,10:45,5898.80,5873.05,False,True,False,True,0.00,0.00,0.0,0.00,0.00,0.0,5852.30,20.75,0.35,5894.35,-21.30,-0.36,5859.00,0.00,14.05,False
20130703,10:45,5815.00,5781.70,False,True,False,True,0.00,0.00,0.0,0.00,0.00,0.0,5760.40,21.30,0.37,5794.70,-13.00,-0.22,5776.80,0.00,4.90,False
20130704,10:45,5831.50,5787.70,True,True,True,False,5848.20,16.70,0.29,5786.05,-45.45,-0.78,5786.05,1.65,0.03,5848.20,-60.50,-1.05,5839.35,7.85,-51.65,False
20130705,10:45,5900.45,5872.35,False,True,False,True,0.00,0.00,0.0,0.00,0.00,0.0,5858.45,13.90,0.24,5894.50,-22.15,-0.38,5865.55,0.00,6.80,False
20130708,10:45,5833.85,5775.55,False,False,False,False,0.00,0.00,0.0,0.00,0.00,0.0,0.00,0.00,0.0,0.00,0.00,0.0,5810.35,0.00,0.00,True
20130709,10:45,5864.95,5839.20,False,True,False,True,0.00,0.00,0.0,0.00,0.00,0.0,5835.55,3.65,0.06,5863.10,-23.90,-0.41,5860.30,0.00,-21.10,False
20130710,10:45,5879.35,5854.75,False,True,False,True,0.00,0.00,0.0,0.00,0.00,0.0,5802.85,51.90,0.89,5869.90,-15.15,-0.26,5814.40,0.00,40.35,False
20130711,10:45,5931.65,5887.95,True,False,True,False,5948.85,17.20,0.29,5923.20,-8.45,-0.14,0.00,0.00,0.0,0.00,0.00,0.0,5934.60,2.95,0.00,False
20130712,10:45,6018.40,5951.15,True,False,True,False,6019.00,0.60,0.01,5956.95,-61.45,-1.02,0.00,0.00,0.0,0.00,0.00,0.0,6015.60,-2.80,0.00,False
20130715,10:45,6010.90,5980.95,True,False,True,False,6038.20,27.30,0.45,5990.35,-20.55,-0.34,0.00,0.00,0.0,0.00,0.00,0.0,6030.10,19.20,0.00,False
20130716,10:45,5954.00,5910.95,True,False,True,False,5966.05,12.05,0.2,5929.60,-24.40,-0.41,0.00,0.00,0.0,0.00,0.00,0.0,5959.65,5.65,0.00,False
20130717,10:45,5988.00,5968.80,True,True,True,True,5989.80,1.80,0.03,5926.75,-61.25,-1.02,5926.75,42.05,0.7,5989.80,-21.00,-0.35,5971.25,-16.75,-2.45,False
20130718,10:45,6005.60,5976.15,True,True,True,False,6051.10,45.50,0.76,5974.55,-31.05,-0.52,5974.55,1.60,0.03,6051.10,-74.95,-1.25,6041.10,35.50,-64.95,False
20130719,10:45,6066.85,6035.60,False,True,False,True,0.00,0.00,0.0,0.00,0.00,0.0,6020.80,14.80,0.25,6063.40,-27.80,-0.46,6025.50,0.00,10.10,False
20130722,10:45,6048.10,6004.25,True,False,True,False,6064.15,16.05,0.27,6023.45,-24.65,-0.41,0.00,0.00,0.0,0.00,0.00,0.0,6032.00,-16.10,0.00,False
20130723,10:45,6089.75,6061.30,True,False,True,False,6093.35,3.60,0.06,6064.85,-24.90,-0.41,0.00,0.00,0.0,0.00,0.00,0.0,6078.70,-11.05,0.00,False
20130724,10:45,6047.25,5996.45,False,True,False,True,0.00,0.00,0.0,0.00,0.00,0.0,5962.60,33.85,0.56,6002.80,-6.35,-0.11,5991.00,0.00,5.45,False
20130725,10:45,5990.65,5958.30,False,True,False,True,0.00,0.00,0.0,0.00,0.00,0.0,5896.40,61.90,1.04,5976.95,-18.65,-0.31,5910.40,0.00,47.90,False
20130726,10:45,5944.50,5913.70,False,True,False,True,0.00,0.00,0.0,0.00,0.00,0.0,5869.50,44.20,0.75,5923.10,-9.40,-0.16,5890.85,0.00,22.85,False
20130729,10:45,5886.00,5850.60,False,True,False,True,0.00,0.00,0.0,0.00,0.00,0.0,5825.80,24.80,0.42,5876.00,-25.40,-0.43,5831.85,0.00,18.75,False
20130730,10:45,5844.75,5822.55,True,True,True,True,5861.30,16.55,0.28,5747.60,-97.15,-1.66,5747.60,74.95,1.29,5861.30,-38.75,-0.67,5757.15,-87.60,65.40,False
20130731,10:45,5742.10,5675.75,True,False,True,False,5752.10,10.00,0.17,5691.45,-50.65,-0.88,0.00,0.00,0.0,0.00,0.00,0.0,5741.25,-0.85,0.00,False
20130801,10:45,5808.50,5775.00,False,True,False,True,0.00,0.00,0.0,0.00,0.00,0.0,5676.85,98.15,1.7,5785.90,-10.90,-0.19,5725.10,0.00,49.90,False
20130802,10:45,5761.85,5705.05,False,True,False,True,0.00,0.00,0.0,0.00,0.00,0.0,5649.00,56.05,0.98,5734.15,-29.10,-0.51,5679.85,0.00,25.20,False
20130805,10:45,5693.95,5661.50,True,False,True,False,5721.00,27.05,0.48,5668.90,-25.05,-0.44,0.00,0.00,0.0,0.00,0.00,0.0,5683.15,-10.80,0.00,False
20130806,10:45,5661.65,5609.30,False,True,False,True,0.00,0.00,0.0,0.00,0.00,0.0,5521.80,87.50,1.56,5626.70,-17.40,-0.31,5546.25,0.00,63.05,False
20130807,10:45,5553.90,5486.85,True,False,True,False,5561.45,7.55,0.14,5488.20,-65.70,-1.18,0.00,0.00,0.0,0.00,0.00,0.0,5514.95,-38.95,0.00,False
20130808,10:45,5544.20,5510.60,True,False,True,False,5577.60,33.40,0.6,5524.80,-19.40,-0.35,0.00,0.00,0.0,0.00,0.00,0.0,5562.25,18.05,0.00,False
20130812,10:45,5610.65,5557.10,True,False,True,False,5644.10,33.45,0.6,5577.95,-32.70,-0.58,0.00,0.00,0.0,0.00,0.00,0.0,5603.55,-7.10,0.00,False
20130813,10:45,5654.95,5578.90,True,False,True,False,5704.30,49.35,0.87,5643.10,-11.85,-0.21,0.00,0.00,0.0,0.00,0.00,0.0,5699.15,44.20,0.00,False
20130814,10:45,5723.30,5690.20,True,False,True,False,5754.55,31.25,0.55,5698.35,-24.95,-0.44,0.00,0.00,0.0,0.00,0.00,0.0,5751.50,28.20,0.00,False
20130816,10:45,5716.60,5571.60,False,True,False,True,0.00,0.00,0.0,0.00,0.00,0.0,5496.05,75.55,1.36,5605.25,-33.65,-0.6,5508.95,0.00,62.65,False
20130819,10:45,5499.65,5409.95,False,True,False,True,0.00,0.00,0.0,0.00,0.00,0.0,5360.65,49.30,0.91,5451.05,-41.10,-0.76,5407.50,0.00,2.45,False
20130820,10:45,5373.05,5306.35,True,False,True,False,5417.80,44.75,0.83,5356.35,-16.70,-0.31,0.00,0.00,0.0,0.00,0.00,0.0,5391.50,18.45,0.00,False
20130821,10:45,5504.10,5447.25,False,True,False,True,0.00,0.00,0.0,0.00,0.00,0.0,5268.45,178.80,3.28,5469.75,-22.50,-0.41,5317.75,0.00,129.50,False
20130822,10:45,5333.20,5254.05,True,False,True,False,5418.95,85.75,1.61,5267.90,-65.30,-1.22,0.00,0.00,0.0,0.00,0.00,0.0,5411.70,78.50,0.00,False
20130823,10:45,5449.25,5377.80,True,False,True,False,5478.80,29.55,0.54,5403.45,-45.80,-0.84,0.00,0.00,0.0,0.00,0.00,0.0,5468.05,18.80,0.00,False
20130826,10:45,5528.70,5486.00,False,True,False,True,0.00,0.00,0.0,0.00,0.00,0.0,5454.45,31.55,0.58,5519.45,-33.45,-0.61,5468.15,0.00,17.85,False
20130827,10:45,5427.40,5376.65,False,True,False,True,0.00,0.00,0.0,0.00,0.00,0.0,5274.25,102.40,1.9,5380.95,-4.30,-0.08,5298.50,0.00,78.15,False
20130828,10:45,5236.05,5118.85,True,False,True,False,5317.70,81.65,1.56,5143.30,-92.75,-1.77,0.00,0.00,0.0,0.00,0.00,0.0,5265.35,29.30,0.00,False
20130829,10:45,5348.85,5303.00,True,False,True,False,5428.90,80.05,1.5,5328.75,-20.10,-0.38,0.00,0.00,0.0,0.00,0.00,0.0,5387.75,38.90,0.00,False
20130830,10:45,5460.20,5367.35,True,True,True,True,5493.30,33.10,0.61,5360.20,-100.00,-1.83,5360.20,7.15,0.13,5493.30,-125.95,-2.35,5489.10,28.90,-121.75,False
20130902,10:45,5528.30,5478.85,True,False,True,False,5564.90,36.60,0.66,5503.80,-24.50,-0.44,0.00,0.00,0.0,0.00,0.00,0.0,5547.05,18.75,0.00,False
20130903,10:45,5580.95,5482.30,False,True,False,True,0.00,0.00,0.0,0.00,0.00,0.0,5323.75,158.55,2.89,5511.80,-29.50,-0.54,5336.40,0.00,145.90,False
20130904,10:45,5443.00,5318.90,True,False,True,False,5460.25,17.25,0.32,5383.15,-59.85,-1.1,0.00,0.00,0.0,0.00,0.00,0.0,5449.20,6.20,0.00,False
20130905,10:45,5625.75,5556.05,False,True,False,False,0.00,0.00,0.0,0.00,0.00,0.0,5552.70,3.35,0.06,5601.00,-44.95,-0.81,5584.75,0.00,-28.70,False
20130906,10:45,5624.20,5566.15,True,False,True,False,5688.60,64.40,1.15,5579.70,-44.50,-0.79,0.00,0.00,0.0,0.00,0.00,0.0,5677.90,53.70,0.00,False
20130910,10:45,5847.20,5738.20,True,False,True,False,5904.85,57.65,0.99,5812.70,-34.50,-0.59,0.00,0.00,0.0,0.00,0.00,0.0,5895.35,48.15,0.00,False
20130911,10:45,5913.45,5842.10,True,True,True,True,5924.35,10.90,0.18,5832.70,-80.75,-1.37,5832.70,9.40,0.16,5924.35,-82.25,-1.41,5907.40,-6.05,-65.30,False
20130912,10:45,5932.00,5866.30,False,True,False,True,0.00,0.00,0.0,0.00,0.00,0.0,5815.80,50.50,0.86,5897.90,-31.60,-0.54,5854.20,0.00,12.10,False
20130913,10:45,5884.30,5822.90,False,False,False,False,0.00,0.00,0.0,0.00,0.00,0.0,0.00,0.00,0.0,0.00,0.00,0.0,5844.45,0.00,0.00,True
20130916,10:45,5957.25,5903.50,False,True,False,True,0.00,0.00,0.0,0.00,0.00,0.0,5798.15,105.35,1.78,5918.85,-15.35,-0.26,5840.20,0.00,63.30,False
20130917,10:45,5846.40,5804.90,True,False,True,False,5857.80,11.40,0.19,5812.70,-33.70,-0.58,0.00,0.00,0.0,0.00,0.00,0.0,5852.30,5.90,0.00,False
20130918,10:45,5877.90,5840.20,True,False,True,False,5916.90,39.00,0.66,5848.30,-29.60,-0.5,0.00,0.00,0.0,0.00,0.00,0.0,5911.85,33.95,0.00,False
20130919,10:45,6092.70,6040.15,True,False,True,False,6142.50,49.80,0.82,6055.55,-37.15,-0.61,0.00,0.00,0.0,0.00,0.00,0.0,6110.15,17.45,0.00,False
20130920,10:45,6120.25,6087.95,True,True,True,True,6130.95,10.70,0.17,5932.85,-187.40,-3.06,5932.85,155.10,2.55,6130.95,-43.00,-0.71,6027.10,-93.15,60.85,False
20130923,10:45,5989.40,5907.35,False,True,False,True,0.00,0.00,0.0,0.00,0.00,0.0,5871.40,35.95,0.61,5935.25,-27.90,-0.47,5886.25,0.00,21.10,False
20130924,10:45,5938.40,5854.55,False,False,False,False,0.00,0.00,0.0,0.00,0.00,0.0,0.00,0.00,0.0,0.00,0.00,0.0,5896.75,0.00,0.00,True
20130925,10:45,5910.55,5873.60,False,True,False,True,0.00,0.00,0.0,0.00,0.00,0.0,5811.10,62.50,1.06,5884.20,-10.60,-0.18,5870.45,0.00,3.15,False
20130926,10:45,5894.15,5864.10,True,False,True,False,5917.65,23.50,0.4,5872.80,-21.35,-0.36,0.00,0.00,0.0,0.00,0.00,0.0,5880.40,-13.75,0.00,False
20130927,10:45,5909.20,5854.95,False,True,False,True,0.00,0.00,0.0,0.00,0.00,0.0,5819.30,35.65,0.61,5881.80,-26.85,-0.46,5832.05,0.00,22.90,False
20130930,10:45,5810.20,5757.45,False,True,False,True,0.00,0.00,0.0,0.00,0.00,0.0,5719.45,38.00,0.66,5781.80,-24.35,-0.42,5721.50,0.00,35.95,False
20131001,10:45,5762.40,5700.95,True,False,True,False,5786.45,24.05,0.42,5738.50,-23.90,-0.41,0.00,0.00,0.0,0.00,0.00,0.0,5783.80,21.40,0.00,False
20131003,10:45,5878.75,5802.70,True,False,True,False,5917.60,38.85,0.66,5860.85,-17.90,-0.3,0.00,0.00,0.0,0.00,0.00,0.0,5906.70,27.95,0.00,False
20131004,10:45,5949.15,5889.95,True,True,True,False,5950.45,1.30,0.02,5885.00,-64.15,-1.08,5885.00,4.95,0.08,5950.45,-60.50,-1.03,5909.00,-40.15,-19.05,False
20131007,10:45,5895.25,5825.85,True,False,True,False,5911.35,16.10,0.27,5836.05,-59.20,-1.0,0.00,0.00,0.0,0.00,0.00,0.0,5908.05,12.80,0.00,False
20131008,10:45,5981.70,5948.70,False,True,False,True,0.00,0.00,0.0,0.00,0.00,0.0,5913.00,35.70,0.6,5960.00,-11.30,-0.19,5918.10,0.00,30.60,False
20131009,10:45,5920.35,5877.10,True,False,True,False,6015.50,95.15,1.61,5912.65,-7.70,-0.13,0.00,0.00,0.0,0.00,0.00,0.0,6009.35,89.00,0.00,False
20131010,10:45,6031.80,5997.75,True,True,True,True,6033.95,2.15,0.04,5979.80,-52.00,-0.86,5979.80,17.95,0.3,6033.95,-36.20,-0.6,6024.60,-7.20,-26.85,False
20131011,10:45,6107.60,6046.40,False,False,False,False,0.00,0.00,0.0,0.00,0.00,0.0,0.00,0.00,0.0,0.00,0.00,0.0,6089.80,0.00,0.00,True
20131014,10:45,6124.10,6082.90,False,False,False,False,0.00,0.00,0.0,0.00,0.00,0.0,0.00,0.00,0.0,0.00,0.00,0.0,6111.90,0.00,0.00,True
20131015,10:45,6156.30,6075.45,False,True,False,True,0.00,0.00,0.0,0.00,0.00,0.0,6056.55,18.90,0.31,6122.15,-46.70,-0.77,6081.65,0.00,-6.20,False
20131017,10:45,6110.75,6064.85,False,True,False,True,0.00,0.00,0.0,0.00,0.00,0.0,6032.55,32.30,0.53,6106.80,-41.95,-0.69,6042.35,0.00,22.50,False
20131018,10:45,6129.95,6075.35,True,False,True,False,6201.45,71.50,1.17,6120.95,-9.00,-0.15,0.00,0.00,0.0,0.00,0.00,0.0,6184.85,54.90,0.00,False
20131021,10:45,6218.95,6176.70,False,True,False,True,0.00,0.00,0.0,0.00,0.00,0.0,6163.30,13.40,0.22,6215.20,-38.50,-0.62,6210.20,0.00,-33.50,False
20131022,10:45,6220.10,6187.90,False,True,False,True,0.00,0.00,0.0,0.00,0.00,0.0,6181.80,6.10,0.1,6218.20,-30.30,-0.49,6205.20,0.00,-17.30,False
20131023,10:45,6217.95,6154.40,False,True,False,True,0.00,0.00,0.0,0.00,0.00,0.0,6116.60,37.80,0.61,6183.25,-28.85,-0.47,6173.15,0.00,-18.75,False
20131024,10:45,6252.45,6162.60,False,True,False,True,0.00,0.00,0.0,0.00,0.00,0.0,6142.95,19.65,0.32,6244.15,-81.55,-1.32,6161.05,0.00,1.55,False
20131025,10:45,6161.10,6133.85,True,True,True,True,6174.75,13.65,0.22,6125.95,-35.15,-0.57,6125.95,7.90,0.13,6174.75,-40.90,-0.67,6139.50,-21.60,-5.65,False
20131028,10:45,6168.75,6145.50,False,True,False,True,0.00,0.00,0.0,0.00,0.00,0.0,6094.10,51.40,0.84,6154.85,-9.35,-0.15,6100.70,0.00,44.80,False
20131029,10:45,6111.65,6082.45,True,True,True,False,6228.05,116.40,1.9,6079.20,-32.45,-0.53,6079.20,3.25,0.05,6228.05,-145.60,-2.39,6220.25,108.60,-137.80,False
20131030,10:45,6253.65,6222.60,True,False,True,False,6269.20,15.55,0.25,6227.55,-26.10,-0.42,0.00,0.00,0.0,0.00,0.00,0.0,6249.90,-3.75,0.00,False
20131031,10:45,6255.70,6235.90,True,False,True,False,6309.05,53.35,0.85,6244.95,-10.75,-0.17,0.00,0.00,0.0,0.00,0.00,0.0,6299.60,43.90,0.00,False
20131101,10:45,6332.60,6286.95,False,False,False,False,0.00,0.00,0.0,0.00,0.00,0.0,0.00,0.00,0.0,0.00,0.00,0.0,6305.35,0.00,0.00,True
20131105,10:45,6293.75,6247.55,True,True,True,True,6304.75,11.00,0.17,6244.30,-49.45,-0.79,6244.30,3.25,0.05,6304.75,-57.20,-0.92,6246.95,-46.80,0.60,False
20131106,10:45,6269.70,6239.65,False,True,False,True,0.00,0.00,0.0,0.00,0.00,0.0,6208.70,30.95,0.5,6261.60,-21.95,-0.35,6213.45,0.00,26.20,False
20131107,10:45,6232.15,6207.35,True,True,True,True,6288.95,56.80,0.91,6180.80,-51.35,-0.82,6180.80,26.55,0.43,6288.95,-81.60,-1.31,6189.50,-42.65,17.85,False
20131108,10:45,6185.15,6142.30,False,True,False,True,0.00,0.00,0.0,0.00,0.00,0.0,6120.95,21.35,0.35,6171.70,-29.40,-0.48,6134.25,0.00,8.05,False
20131111,10:45,6121.35,6088.55,True,True,True,True,6141.65,20.30,0.33,6067.75,-53.60,-0.88,6067.75,20.80,0.34,6141.65,-53.10,-0.87,6082.00,-39.35,6.55,False
20131112,10:45,6108.70,6078.40,False,True,False,True,0.00,0.00,0.0,0.00,0.00,0.0,6012.90,65.50,1.08,6093.60,-15.20,-0.25,6013.45,0.00,64.95,False
20131113,10:45,6033.00,5994.25,True,True,True,True,6042.25,9.25,0.15,5972.45,-60.55,-1.0,5972.45,21.80,0.36,6042.25,-48.00,-0.8,5989.05,-43.95,5.20,False
20131114,10:45,6097.00,6036.65,True,False,True,False,6101.65,4.65,0.08,6040.85,-56.15,-0.92,0.00,0.00,0.0,0.00,0.00,0.0,6054.10,-42.90,0.00,False
20131118,10:45,6145.50,6110.40,True,False,True,False,6196.05,50.55,0.82,6138.20,-7.30,-0.12,0.00,0.00,0.0,0.00,0.00,0.0,6192.20,46.70,0.00,False
20131119,10:45,6212.40,6186.15,False,True,False,True,0.00,0.00,0.0,0.00,0.00,0.0,6180.20,5.95,0.1,6209.55,-23.40,-0.38,6200.55,0.00,-14.40,False
20131120,10:45,6198.70,6176.70,True,True,True,True,6204.35,5.65,0.09,6108.50,-90.20,-1.46,6108.50,68.20,1.1,6204.35,-27.65,-0.45,6111.40,-87.30,65.30,False
20131121,10:45,6097.35,6038.30,False,True,False,True,0.00,0.00,0.0,0.00,0.00,0.0,5985.40,52.90,0.88,6055.65,-17.35,-0.29,6004.30,0.00,34.00,False
20131122,10:45,6040.90,6003.95,True,True,True,True,6049.60,8.70,0.14,5972.80,-68.10,-1.13,5972.80,31.15,0.52,6049.60,-45.65,-0.76,6008.35,-32.55,-4.40,False
20131125,10:45,6095.60,6037.10,True,False,True,False,6123.50,27.90,0.46,6057.45,-38.15,-0.63,0.00,0.00,0.0,0.00,0.00,0.0,6110.40,14.80,0.00,False
20131126,10:45,6112.70,6087.75,False,True,False,True,0.00,0.00,0.0,0.00,0.00,0.0,6047.75,40.00,0.66,6101.35,-13.60,-0.22,6059.90,0.00,27.85,False
20131127,10:45,6074.00,6043.55,False,True,False,True,0.00,0.00,0.0,0.00,0.00,0.0,6030.30,13.25,0.22,6072.85,-29.30,-0.48,6054.65,0.00,-11.10,False
20131128,10:45,6112.95,6090.00,False,True,False,True,0.00,0.00,0.0,0.00,0.00,0.0,6068.30,21.70,0.36,6112.10,-22.10,-0.36,6104.90,0.00,-14.90,False
20131129,10:45,6182.40,6103.80,True,False,True,False,6182.50,0.10,0.0,6159.40,-23.00,-0.37,0.00,0.00,0.0,0.00,0.00,0.0,6177.00,-5.40,0.00,False
20131202,10:45,6211.95,6174.80,True,False,True,False,6228.70,16.75,0.27,6198.50,-13.45,-0.22,0.00,0.00,0.0,0.00,0.00,0.0,6215.00,3.05,0.00,False
20131203,10:45,6216.15,6194.25,True,True,True,True,6225.40,9.25,0.15,6191.40,-24.75,-0.4,6191.40,2.85,0.05,6225.40,-31.15,-0.5,6204.75,-11.40,-10.50,False
20131204,10:45,6201.95,6180.05,True,True,True,True,6209.15,7.20,0.12,6149.90,-52.05,-0.84,6149.90,30.15,0.49,6209.15,-29.10,-0.47,6169.15,-32.80,10.90,False
20131205,10:45,6300.55,6262.40,False,True,False,True,0.00,0.00,0.0,0.00,0.00,0.0,6232.00,30.40,0.49,6278.80,-16.40,-0.26,6236.65,0.00,25.75,False
20131206,10:45,6268.15,6230.75,True,False,True,False,6273.85,5.70,0.09,6237.00,-31.15,-0.5,0.00,0.00,0.0,0.00,0.00,0.0,6272.70,4.55,0.00,False
20131209,10:45,6415.25,6353.35,False,True,False,True,0.00,0.00,0.0,0.00,0.00,0.0,6345.00,8.35,0.13,6374.75,-21.40,-0.34,6354.35,0.00,-1.00,False
20131210,10:45,6362.25,6335.60,False,True,False,True,0.00,0.00,0.0,0.00,0.00,0.0,6307.55,28.05,0.44,6344.40,-8.80,-0.14,6332.15,0.00,3.45,False
20131211,10:45,6313.25,6286.70,True,True,True,True,6326.60,13.35,0.21,6280.25,-33.00,-0.52,6280.25,6.45,0.1,6326.60,-39.90,-0.63,6321.45,8.20,-34.75,False
20131212,10:45,6286.85,6254.50,False,True,False,True,0.00,0.00,0.0,0.00,0.00,0.0,6230.65,23.85,0.38,6272.60,-18.10,-0.29,6232.30,0.00,22.20,False
20131213,10:45,6208.60,6185.25,False,True,False,True,0.00,0.00,0.0,0.00,0.00,0.0,6161.40,23.85,0.39,6194.45,-9.20,-0.15,6173.05,0.00,12.20,False
20131216,10:45,6183.25,6152.90,False,True,False,True,0.00,0.00,0.0,0.00,0.00,0.0,6146.05,6.85,0.11,6176.15,-23.25,-0.38,6151.10,0.00,1.80,False
20131217,10:45,6190.55,6174.75,False,True,False,True,0.00,0.00,0.0,0.00,0.00,0.0,6133.00,41.75,0.68,6184.50,-9.75,-0.16,6139.30,0.00,35.45,False
20131218,10:45,6177.90,6131.00,True,False,True,False,6236.00,58.10,0.94,6161.90,-16.00,-0.26,0.00,0.00,0.0,0.00,0.00,0.0,6227.40,49.50,0.00,False
20131219,10:45,6263.75,6150.70,False,False,False,False,0.00,0.00,0.0,0.00,0.00,0.0,0.00,0.00,0.0,0.00,0.00,0.0,6170.80,0.00,0.00,True
20131220,10:45,6196.35,6170.35,True,False,True,False,6284.50,88.15,1.42,6177.40,-18.95,-0.31,0.00,0.00,0.0,0.00,0.00,0.0,6282.30,85.95,0.00,False
20131223,10:45,6310.35,6266.95,True,False,True,False,6317.50,7.15,0.11,6271.00,-39.35,-0.62,0.00,0.00,0.0,0.00,0.00,0.0,6282.50,-27.85,0.00,False
20131224,10:45,6301.50,6278.15,False,True,False,True,0.00,0.00,0.0,0.00,0.00,0.0,6262.00,16.15,0.26,6297.20,-19.05,-0.3,6268.45,0.00,9.70,False
20131226,10:45,6289.45,6270.05,True,True,True,True,6302.75,13.30,0.21,6259.45,-30.00,-0.48,6259.45,10.60,0.17,6302.75,-32.70,-0.52,6279.90,-9.55,-9.85,False
20131227,10:45,6319.35,6289.40,True,False,True,False,6324.90,5.55,0.09,6305.30,-14.05,-0.22,0.00,0.00,0.0,0.00,0.00,0.0,6314.30,-5.05,0.00,False
20131230,10:45,6344.05,6287.70,False,True,False,True,0.00,0.00,0.0,0.00,0.00,0.0,6273.15,14.55,0.23,6309.80,-22.10,-0.35,6294.10,0.00,-6.40,False
20131231,10:45,6317.30,6287.30,False,False,False,False,0.00,0.00,0.0,0.00,0.00,0.0,0.00,0.00,0.0,0.00,0.00,0.0,6303.90,0.00,0.00,True
