Date,Time,DayHigh,DayHighTime,DayLow,DayLowTime,IsDayHighBreak,DayHighBreakTime,IsDayLowBreak,DayLowBreakTime,ComesBackToDayHigh,ComesBackToDayLow,TargetHigh,TargetHighTime,points_from_target_high,percentChangeTargetHigh,SLHigh,SLHighTime,points_from_SL_High,percentageChangeSLHigh,TargetLow,TargetLowTime,points_from_Target_Low,percentageChangeTargetLow,SLLow,SLLowTime,points_from_SL_low,percentageChangeSLLow,Closing,ClosingPointDiffForHigh,ClosingPointDiffForLow,noBreak
20140101,12:00,11432.55,09:15,11361.00,09:22,False,N/A,False,N/A,False,False,0.00,N/A,0.00,0.0,0.00,N/A,0.00,0.0,0.00,N/A,0.00,0.0,0.00,N/A,0.00,0.0,11402.45,0.00,0.00,True
20140102,12:00,11570.25,11:46,11381.10,09:17,True,12:19,True,14:01,True,True,11578.90,12:35,8.65,0.07,11150.20,15:02,-420.05,-3.63,11150.20,15:02,230.90,2.03,11578.90,12:35,-197.80,-1.74,11179.85,-390.40,201.25,False
20140103,12:00,11170.10,09:20,11074.20,10:45,True,14:10,True,12:24,True,True,11207.70,15:29,37.60,0.34,11052.60,13:02,-117.50,-1.05,11052.60,13:02,21.60,0.2,11207.70,15:29,-133.50,-1.21,11202.10,32.00,-127.90,False
20140106,12:00,11167.30,09:15,11041.95,09:51,False,N/A,True,13:25,False,True,0.00,N/A,0.00,0.0,0.00,N/A,0.00,0.0,10996.95,14:50,45.00,0.41,11087.65,12:26,-45.70,-0.41,11053.55,0.00,-11.60,False
20140107,12:00,11154.10,09:21,10895.55,10:24,False,N/A,True,12:54,False,False,0.00,N/A,0.00,0.0,0.00,N/A,0.00,0.0,10892.15,12:54,3.40,0.03,11089.95,14:35,-194.40,-1.78,11029.95,0.00,-134.40,False
20140108,12:00,11122.75,11:29,10988.80,09:20,False,N/A,False,N/A,False,False,0.00,N/A,0.00,0.0,0.00,N/A,0.00,0.0,0.00,N/A,0.00,0.0,0.00,N/A,0.00,0.0,11057.70,0.00,0.00,True
20140109,12:00,11090.25,09:23,10925.35,10:03,False,N/A,True,13:12,False,False,0.00,N/A,0.00,0.0,0.00,N/A,0.00,0.0,10925.15,13:12,0.20,0.0,11034.25,14:31,-108.90,-1.0,10971.10,0.00,-45.75,False
20140110,12:00,11056.90,11:11,10839.80,09:32,False,N/A,True,14:29,False,True,0.00,N/A,0.00,0.0,0.00,N/A,0.00,0.0,10788.20,15:09,51.60,0.48,11044.50,13:41,-204.70,-1.89,10802.45,0.00,37.35,False
20140113,12:00,10958.85,09:52,10843.95,09:17,True,13:16,False,N/A,True,False,11063.00,15:29,104.15,0.95,10897.85,12:38,-61.00,-0.56,0.00,N/A,0.00,0.0,0.00,N/A,0.00,0.0,11056.25,97.40,0.00,False
20140114,12:00,11065.65,10:20,10996.20,11:34,False,N/A,True,13:06,False,True,0.00,N/A,0.00,0.0,0.00,N/A,0.00,0.0,10922.60,15:08,73.60,0.67,11036.85,12:11,-40.65,-0.37,10956.70,0.00,39.50,False
20140115,12:00,11134.00,12:00,10986.10,09:18,True,12:02,False,N/A,True,False,11164.10,12:10,30.10,0.27,11032.90,12:46,-101.10,-0.91,0.00,N/A,0.00,0.0,0.00,N/A,0.00,0.0,11128.85,-5.15,0.00,False
20140116,12:00,11192.80,09:15,11101.75,10:28,False,N/A,True,12:33,False,True,0.00,N/A,0.00,0.0,0.00,N/A,0.00,0.0,11070.00,12:35,31.75,0.29,11139.30,12:02,-37.55,-0.34,11085.05,0.00,16.70,False
20140117,12:00,11081.95,09:15,10998.20,11:46,False,N/A,True,12:03,False,True,0.00,N/A,0.00,0.0,0.00,N/A,0.00,0.0,10893.75,15:11,104.45,0.95,11016.80,12:01,-18.60,-0.17,10926.75,0.00,71.45,False
20140120,12:00,11016.05,10:24,10876.25,09:23,True,15:23,False,N/A,True,False,11022.45,15:24,6.40,0.06,10939.55,13:39,-76.50,-0.69,0.00,N/A,0.00,0.0,0.00,N/A,0.00,0.0,11012.50,-3.55,0.00,False
20140121,12:00,11176.65,11:10,11036.40,09:18,True,15:13,False,N/A,True,False,11189.20,15:29,12.55,0.11,11093.15,12:03,-83.50,-0.75,0.00,N/A,0.00,0.0,0.00,N/A,0.00,0.0,11184.80,8.15,0.00,False
20140122,12:00,11248.35,11:04,11094.80,09:25,False,N/A,False,N/A,False,False,0.00,N/A,0.00,0.0,0.00,N/A,0.00,0.0,0.00,N/A,0.00,0.0,0.00,N/A,0.00,0.0,11183.75,0.00,0.00,True
20140123,12:00,11210.65,09:41,11122.35,09:15,True,13:37,False,N/A,True,False,11221.10,14:48,10.45,0.09,11149.85,12:06,-60.80,-0.54,0.00,N/A,0.00,0.0,0.00,N/A,0.00,0.0,11197.90,-12.75,0.00,False
20140124,12:00,11132.70,09:36,10984.15,11:19,False,N/A,True,14:26,False,True,0.00,N/A,0.00,0.0,0.00,N/A,0.00,0.0,10972.10,15:11,12.05,0.11,11033.70,13:48,-49.55,-0.45,10987.05,0.00,-2.90,False
20140127,12:00,10770.10,09:15,10596.40,11:46,False,N/A,True,12:11,False,True,0.00,N/A,0.00,0.0,0.00,N/A,0.00,0.0,10520.90,15:26,75.50,0.71,10649.75,13:04,-53.35,-0.5,10550.60,0.00,45.80,False
20140128,12:00,10708.00,10:54,10333.40,11:10,False,N/A,False,N/A,False,False,0.00,N/A,0.00,0.0,0.00,N/A,0.00,0.0,0.00,N/A,0.00,0.0,0.00,N/A,0.00,0.0,10517.75,0.00,0.00,True
20140129,12:00,10644.20,09:15,10535.45,11:28,False,N/A,True,12:39,False,True,0.00,N/A,0.00,0.0,0.00,N/A,0.00,0.0,10406.95,15:02,128.50,1.22,10574.00,12:36,-38.55,-0.37,10449.50,0.00,85.95,False
20140130,12:00,10314.25,09:21,10200.05,11:06,False,N/A,True,12:51,False,True,0.00,N/A,0.00,0.0,0.00,N/A,0.00,0.0,10101.20,14:50,98.85,0.97,10244.40,12:10,-44.35,-0.43,10160.85,0.00,39.20,False
20140131,12:00,10245.65,09:26,10130.30,09:33,True,15:15,False,N/A,True,False,10266.45,15:22,20.80,0.2,10170.85,14:52,-74.80,-0.73,0.00,N/A,0.00,0.0,0.00,N/A,0.00,0.0,10247.05,1.40,0.00,False
20140203,12:00,10222.65,09:19,10154.45,09:33,False,N/A,True,12:15,False,True,0.00,N/A,0.00,0.0,0.00,N/A,0.00,0.0,10089.25,13:17,65.20,0.64,10170.90,13:39,-16.45,-0.16,10103.30,0.00,51.15,False
20140204,12:00,10137.55,10:53,9944.00,09:18,True,12:41,False,N/A,True,False,10222.10,14:33,84.55,0.83,10089.90,12:05,-47.65,-0.47,0.00,N/A,0.00,0.0,0.00,N/A,0.00,0.0,10197.50,59.95,0.00,False
20140205,12:00,10226.75,09:15,10112.50,11:25,True,13:02,False,N/A,True,False,10254.05,13:59,27.30,0.27,10165.95,12:01,-60.80,-0.59,0.00,N/A,0.00,0.0,0.00,N/A,0.00,0.0,10239.95,13.20,0.00,False
20140206,12:00,10321.50,09:33,10107.80,10:32,False,N/A,False,N/A,False,False,0.00,N/A,0.00,0.0,0.00,N/A,0.00,0.0,0.00,N/A,0.00,0.0,0.00,N/A,0.00,0.0,10205.85,0.00,0.00,True
20140207,12:00,10321.10,09:15,10224.65,10:28,False,N/A,True,13:08,False,True,0.00,N/A,0.00,0.0,0.00,N/A,0.00,0.0,10180.85,14:22,43.80,0.43,10307.90,12:52,-83.25,-0.81,10278.55,0.00,-53.90,False
20140210,12:00,10310.30,09:15,10197.45,10:15,False,N/A,True,15:04,False,False,0.00,N/A,0.00,0.0,0.00,N/A,0.00,0.0,10190.90,15:29,6.55,0.06,10268.10,13:25,-70.65,-0.69,10196.30,0.00,1.15,False
20140211,12:00,10296.80,11:16,10200.60,09:32,False,N/A,False,N/A,False,False,0.00,N/A,0.00,0.0,0.00,N/A,0.00,0.0,0.00,N/A,0.00,0.0,0.00,N/A,0.00,0.0,10242.05,0.00,0.00,True
20140212,12:00,10395.15,11:05,10310.65,09:36,False,N/A,False,N/A,False,False,0.00,N/A,0.00,0.0,0.00,N/A,0.00,0.0,0.00,N/A,0.00,0.0,0.00,N/A,0.00,0.0,10339.10,0.00,0.00,True
20140213,12:00,10386.65,09:15,10218.10,11:46,False,N/A,True,12:02,False,True,0.00,N/A,0.00,0.0,0.00,N/A,0.00,0.0,10116.75,15:29,101.35,0.99,10231.70,12:05,-13.60,-0.13,10119.55,0.00,98.55,False
20140214,12:00,10184.15,09:15,10064.75,09:43,True,12:02,False,N/A,True,False,10229.45,15:19,45.30,0.44,10065.95,13:47,-118.20,-1.16,0.00,N/A,0.00,0.0,0.00,N/A,0.00,0.0,10202.30,18.15,0.00,False
20140217,12:00,10310.75,11:43,10205.80,11:14,True,15:06,False,N/A,True,False,10356.10,15:29,45.35,0.44,10219.50,13:33,-91.25,-0.88,0.00,N/A,0.00,0.0,0.00,N/A,0.00,0.0,10349.05,38.30,0.00,False
20140218,12:00,10569.60,11:22,10296.25,09:24,True,12:05,False,N/A,True,False,10618.85,14:49,49.25,0.47,10541.90,13:51,-27.70,-0.26,0.00,N/A,0.00,0.0,0.00,N/A,0.00,0.0,10550.80,-18.80,0.00,False
20140219,12:00,10605.15,10:44,10520.30,10:13,True,15:17,False,N/A,True,False,10630.15,15:23,25.00,0.24,10554.75,14:52,-50.40,-0.48,0.00,N/A,0.00,0.0,0.00,N/A,0.00,0.0,10615.65,10.50,0.00,False
20140220,12:00,10525.70,09:15,10438.90,12:00,False,N/A,True,12:01,False,True,0.00,N/A,0.00,0.0,0.00,N/A,0.00,0.0,10419.10,15:07,19.80,0.19,10484.45,14:07,-45.55,-0.44,10434.45,0.00,4.45,False
20140221,12:00,10584.75,10:47,10446.15,09:15,False,N/A,False,N/A,False,False,0.00,N/A,0.00,0.0,0.00,N/A,0.00,0.0,0.00,N/A,0.00,0.0,0.00,N/A,0.00,0.0,10537.05,0.00,0.00,True
20140224,12:00,10591.80,11:51,10471.45,09:17,True,12:03,False,N/A,True,False,10711.65,14:47,119.85,1.13,10582.20,12:01,-9.60,-0.09,0.00,N/A,0.00,0.0,0.00,N/A,0.00,0.0,10688.65,96.85,0.00,False
20140225,12:00,10768.95,09:38,10663.40,11:44,False,N/A,True,12:16,False,True,0.00,N/A,0.00,0.0,0.00,N/A,0.00,0.0,10611.75,12:42,51.65,0.48,10707.15,14:37,-43.75,-0.41,10654.40,0.00,9.00,False
20140226,12:00,10723.95,09:55,10664.65,09:15,True,12:24,False,N/A,True,False,10758.65,14:51,34.70,0.32,10690.25,12:05,-33.70,-0.31,0.00,N/A,0.00,0.0,0.00,N/A,0.00,0.0,10731.75,7.80,0.00,False
20140228,12:00,10780.65,09:17,10688.95,09:30,True,14:58,False,N/A,True,False,10783.55,14:59,2.90,0.03,10704.05,12:17,-76.60,-0.71,0.00,N/A,0.00,0.0,0.00,N/A,0.00,0.0,10762.75,-17.90,0.00,False
20140303,12:00,10836.20,10:41,10675.80,09:32,False,N/A,True,13:04,False,True,0.00,N/A,0.00,0.0,0.00,N/A,0.00,0.0,10613.00,14:47,62.80,0.59,10808.45,12:12,-132.65,-1.24,10645.65,0.00,30.15,False
20140304,12:00,10807.00,11:47,10670.95,09:43,True,12:02,False,N/A,True,False,10936.75,15:23,129.75,1.2,10796.65,12:01,-10.35,-0.1,0.00,N/A,0.00,0.0,0.00,N/A,0.00,0.0,10923.85,116.85,0.00,False
20140305,12:00,10992.15,09:15,10899.40,09:43,True,12:40,False,N/A,True,False,11122.55,15:14,130.40,1.19,10926.05,12:17,-66.10,-0.6,0.00,N/A,0.00,0.0,0.00,N/A,0.00,0.0,11084.20,92.05,0.00,False
20140306,12:00,11184.50,09:45,11117.25,09:21,True,12:47,False,N/A,True,False,11303.20,15:08,118.70,1.06,11150.40,12:02,-34.10,-0.3,0.00,N/A,0.00,0.0,0.00,N/A,0.00,0.0,11272.45,87.95,0.00,False
20140307,12:00,11947.50,11:41,11332.60,09:15,False,N/A,False,N/A,False,False,0.00,N/A,0.00,0.0,0.00,N/A,0.00,0.0,0.00,N/A,0.00,0.0,0.00,N/A,0.00,0.0,11892.50,0.00,0.00,True
20140310,12:00,12104.95,09:43,11844.55,09:15,True,14:30,False,N/A,True,False,12157.90,14:59,52.95,0.44,11996.05,12:24,-108.90,-0.9,0.00,N/A,0.00,0.0,0.00,N/A,0.00,0.0,12107.65,2.70,0.00,False
20140311,12:00,12285.45,09:30,12032.70,10:57,False,N/A,True,14:12,False,True,0.00,N/A,0.00,0.0,0.00,N/A,0.00,0.0,11994.85,14:19,37.85,0.31,12114.80,12:01,-82.10,-0.68,12072.75,0.00,-40.05,False
20140312,12:00,12142.90,10:32,11887.75,09:55,False,N/A,False,N/A,False,False,0.00,N/A,0.00,0.0,0.00,N/A,0.00,0.0,0.00,N/A,0.00,0.0,0.00,N/A,0.00,0.0,12028.70,0.00,0.00,True
20140313,12:00,12308.70,10:45,12114.45,09:15,False,N/A,True,15:19,False,True,0.00,N/A,0.00,0.0,0.00,N/A,0.00,0.0,12097.25,15:20,17.20,0.14,12300.90,13:44,-186.45,-1.54,12133.15,0.00,-18.70,False
20140314,12:00,12028.10,09:23,11881.15,11:08,True,14:50,True,13:46,True,True,12090.05,15:09,61.95,0.52,11867.15,13:53,-160.95,-1.34,11867.15,13:53,14.00,0.12,12090.05,15:09,-208.90,-1.76,12053.70,25.60,-172.55,False
20140318,12:00,12268.75,09:40,12143.35,09:15,False,N/A,True,13:26,False,True,0.00,N/A,0.00,0.0,0.00,N/A,0.00,0.0,12052.35,14:04,91.00,0.75,12228.50,12:01,-85.15,-0.7,12107.85,0.00,35.50,False
20140319,12:00,12256.45,10:01,12132.40,09:22,False,N/A,False,N/A,False,False,0.00,N/A,0.00,0.0,0.00,N/A,0.00,0.0,0.00,N/A,0.00,0.0,0.00,N/A,0.00,0.0,12184.45,0.00,0.00,True
20140320,12:00,12145.85,09:15,12058.05,10:13,False,N/A,True,12:40,False,True,0.00,N/A,0.00,0.0,0.00,N/A,0.00,0.0,11989.95,15:07,68.10,0.56,12098.40,12:01,-40.35,-0.33,12027.10,0.00,30.95,False
20140321,12:00,12123.15,11:18,12043.40,09:20,False,N/A,False,N/A,False,False,0.00,N/A,0.00,0.0,0.00,N/A,0.00,0.0,0.00,N/A,0.00,0.0,0.00,N/A,0.00,0.0,12083.90,0.00,0.00,True
20140322,12:00,12111.85,09:15,12061.65,11:18,False,N/A,False,N/A,False,False,0.00,N/A,0.00,0.0,0.00,N/A,0.00,0.0,0.00,N/A,0.00,0.0,0.00,N/A,0.00,0.0,12075.80,0.00,0.00,True
20140324,12:00,12404.75,11:13,12153.40,09:15,True,13:14,False,N/A,True,False,12421.85,15:29,17.10,0.14,12367.70,12:31,-37.05,-0.3,0.00,N/A,0.00,0.0,0.00,N/A,0.00,0.0,12415.10,10.35,0.00,False
20140325,12:00,12523.70,09:27,12394.30,09:15,False,N/A,False,N/A,False,False,0.00,N/A,0.00,0.0,0.00,N/A,0.00,0.0,0.00,N/A,0.00,0.0,0.00,N/A,0.00,0.0,12451.65,0.00,0.00,True
20140326,12:00,12564.35,09:15,12479.05,10:06,True,12:44,True,14:17,True,True,12570.60,12:57,6.25,0.05,12469.15,14:19,-95.20,-0.76,12469.15,14:19,9.90,0.08,12570.60,12:57,-91.55,-0.73,12513.15,-51.20,-34.10,False
20140327,12:00,12701.05,11:51,12513.10,09:20,True,14:12,False,N/A,True,False,12767.50,14:43,66.45,0.52,12570.85,15:13,-130.20,-1.03,0.00,N/A,0.00,0.0,0.00,N/A,0.00,0.0,12596.15,-104.90,0.00,False
20140328,12:00,12754.65,09:17,12635.80,09:50,True,15:17,True,12:50,True,False,12781.30,15:28,26.65,0.21,12633.30,12:50,-121.35,-0.95,12633.30,12:50,2.50,0.02,12781.30,15:28,-145.50,-1.15,12781.30,26.65,-145.50,False
20140331,12:00,12869.35,09:22,12761.15,10:18,False,N/A,True,12:14,False,True,0.00,N/A,0.00,0.0,0.00,N/A,0.00,0.0,12660.05,13:56,101.10,0.79,12787.65,12:36,-26.50,-0.21,12743.65,0.00,17.50,False
20140401,12:00,12801.90,10:59,12646.80,10:58,False,N/A,True,12:18,False,True,0.00,N/A,0.00,0.0,0.00,N/A,0.00,0.0,12509.95,13:16,136.85,1.08,12696.70,12:12,-49.90,-0.39,12599.10,0.00,47.70,False
20140402,12:00,12685.20,09:15,12585.05,11:49,True,14:43,True,12:42,True,True,12738.35,15:27,53.15,0.42,12542.35,13:33,-142.85,-1.13,12542.35,13:33,42.70,0.34,12738.35,15:27,-153.30,-1.22,12732.30,47.10,-147.25,False
20140403,12:00,12754.75,09:15,12568.00,11:55,False,N/A,True,12:15,False,True,0.00,N/A,0.00,0.0,0.00,N/A,0.00,0.0,12518.00,14:55,50.00,0.4,12617.45,12:40,-49.45,-0.39,12577.55,0.00,-9.55,False
20140404,12:00,12656.50,11:03,12430.85,09:41,False,N/A,False,N/A,False,False,0.00,N/A,0.00,0.0,0.00,N/A,0.00,0.0,0.00,N/A,0.00,0.0,0.00,N/A,0.00,0.0,12575.05,0.00,0.00,True
20140407,12:00,12615.35,09:24,12439.55,11:04,False,N/A,False,N/A,False,False,0.00,N/A,0.00,0.0,0.00,N/A,0.00,0.0,0.00,N/A,0.00,0.0,0.00,N/A,0.00,0.0,12496.50,0.00,0.00,True
20140409,12:00,12621.30,10:06,12548.45,09:38,True,12:24,False,N/A,True,False,12957.55,15:07,336.25,2.66,12599.45,12:08,-21.85,-0.17,0.00,N/A,0.00,0.0,0.00,N/A,0.00,0.0,12946.75,325.45,0.00,False
20140410,12:00,13055.60,11:59,12881.20,09:58,False,N/A,False,N/A,False,False,0.00,N/A,0.00,0.0,0.00,N/A,0.00,0.0,0.00,N/A,0.00,0.0,0.00,N/A,0.00,0.0,12890.70,0.00,0.00,True
20140411,12:00,12934.90,10:04,12777.95,09:15,False,N/A,False,N/A,False,False,0.00,N/A,0.00,0.0,0.00,N/A,0.00,0.0,0.00,N/A,0.00,0.0,0.00,N/A,0.00,0.0,12827.00,0.00,0.00,True
20140415,12:00,12831.60,09:15,12579.00,09:28,False,N/A,True,15:15,False,True,0.00,N/A,0.00,0.0,0.00,N/A,0.00,0.0,12537.70,15:19,41.30,0.33,12708.55,12:05,-129.55,-1.03,12575.45,0.00,3.55,False
20140416,12:00,12727.05,10:52,12561.65,09:15,False,N/A,True,13:22,False,True,0.00,N/A,0.00,0.0,0.00,N/A,0.00,0.0,12514.75,13:30,46.90,0.37,12679.20,12:26,-117.55,-0.94,12558.40,0.00,3.25,False
20140417,12:00,12707.95,11:44,12514.80,10:06,True,13:28,False,N/A,True,False,12819.10,14:44,111.15,0.87,12605.75,12:40,-102.20,-0.8,0.00,N/A,0.00,0.0,0.00,N/A,0.00,0.0,12786.60,78.65,0.00,False
20140421,12:00,12910.35,09:32,12838.85,11:49,True,13:54,False,N/A,True,False,13002.75,14:55,92.40,0.72,12851.65,12:49,-58.70,-0.45,0.00,N/A,0.00,0.0,0.00,N/A,0.00,0.0,12947.10,36.75,0.00,False
20140422,12:00,13001.85,10:08,12913.90,09:17,True,13:06,False,N/A,True,False,13040.15,13:58,38.30,0.29,12940.65,12:04,-61.20,-0.47,0.00,N/A,0.00,0.0,0.00,N/A,0.00,0.0,12997.20,-4.65,0.00,False
20140423,12:00,13098.70,12:00,12957.90,09:28,True,12:01,False,N/A,True,False,13174.60,15:29,75.90,0.58,13056.95,15:04,-41.75,-0.32,0.00,N/A,0.00,0.0,0.00,N/A,0.00,0.0,13163.60,64.90,0.00,False
20140425,12:00,13268.60,09:47,13112.40,09:15,False,N/A,True,12:57,False,True,0.00,N/A,0.00,0.0,0.00,N/A,0.00,0.0,12968.80,14:23,143.60,1.1,13186.00,12:48,-73.60,-0.56,13024.30,0.00,88.10,False
20140428,12:00,13045.25,09:20,12927.75,10:35,True,12:39,False,N/A,True,False,13116.00,14:53,70.75,0.54,12990.00,12:30,-55.25,-0.42,0.00,N/A,0.00,0.0,0.00,N/A,0.00,0.0,13096.55,51.30,0.00,False
20140429,12:00,13124.30,09:15,12898.45,10:05,False,N/A,True,14:50,False,False,0.00,N/A,0.00,0.0,0.00,N/A,0.00,0.0,12897.35,14:50,1.10,0.01,13018.75,14:04,-120.30,-0.93,12912.65,0.00,-14.20,False
20140430,12:00,13100.75,10:59,12906.30,09:17,False,N/A,True,13:27,False,True,0.00,N/A,0.00,0.0,0.00,N/A,0.00,0.0,12738.60,14:29,167.70,1.3,13038.70,12:14,-132.40,-1.03,12885.65,0.00,20.65,False
20140502,12:00,12995.60,09:21,12874.85,10:03,False,N/A,True,12:17,False,True,0.00,N/A,0.00,0.0,0.00,N/A,0.00,0.0,12818.85,15:02,56.00,0.43,12925.85,12:44,-51.00,-0.4,12843.50,0.00,31.35,False
20140505,12:00,12912.80,11:55,12773.05,09:24,True,12:01,False,N/A,True,False,12981.60,13:26,68.80,0.53,12859.85,15:03,-52.95,-0.41,0.00,N/A,0.00,0.0,0.00,N/A,0.00,0.0,12885.35,-27.45,0.00,False
20140506,12:00,13012.55,09:17,12924.45,11:03,False,N/A,True,14:31,False,True,0.00,N/A,0.00,0.0,0.00,N/A,0.00,0.0,12917.15,14:32,7.30,0.06,12982.95,15:29,-58.50,-0.45,12976.90,0.00,-52.45,False
20140507,12:00,13017.00,11:47,12877.75,09:56,False,N/A,False,N/A,False,False,0.00,N/A,0.00,0.0,0.00,N/A,0.00,0.0,0.00,N/A,0.00,0.0,0.00,N/A,0.00,0.0,12940.10,0.00,0.00,True
20140508,12:00,13095.50,10:46,12952.50,09:19,False,N/A,False,N/A,False,False,0.00,N/A,0.00,0.0,0.00,N/A,0.00,0.0,0.00,N/A,0.00,0.0,0.00,N/A,0.00,0.0,13036.20,0.00,0.00,True
20140509,12:00,13352.75,12:00,13017.90,09:20,True,12:02,False,N/A,True,False,13814.25,15:28,461.50,3.46,13349.80,12:01,-2.95,-0.02,0.00,N/A,0.00,0.0,0.00,N/A,0.00,0.0,13812.70,459.95,0.00,False
20140512,12:00,14152.45,11:30,13803.25,09:15,False,N/A,False,N/A,False,False,0.00,N/A,0.00,0.0,0.00,N/A,0.00,0.0,0.00,N/A,0.00,0.0,0.00,N/A,0.00,0.0,14100.65,0.00,0.00,True
20140513,12:00,14367.75,10:59,14105.65,09:24,False,N/A,False,N/A,False,False,0.00,N/A,0.00,0.0,0.00,N/A,0.00,0.0,0.00,N/A,0.00,0.0,0.00,N/A,0.00,0.0,14140.55,0.00,0.00,True
20140514,12:00,14320.75,09:47,14063.60,09:18,False,N/A,False,N/A,False,False,0.00,N/A,0.00,0.0,0.00,N/A,0.00,0.0,0.00,N/A,0.00,0.0,0.00,N/A,0.00,0.0,14197.80,0.00,0.00,True
20140515,12:00,14301.30,09:22,14159.10,11:41,False,N/A,False,N/A,False,False,0.00,N/A,0.00,0.0,0.00,N/A,0.00,0.0,0.00,N/A,0.00,0.0,0.00,N/A,0.00,0.0,14232.80,0.00,0.00,True
20140516,12:00,15742.05,09:51,14662.20,09:15,False,N/A,True,13:46,False,False,0.00,N/A,0.00,0.0,0.00,N/A,0.00,0.0,14468.10,13:47,194.10,1.32,15330.85,12:26,-668.65,-4.56,14868.45,0.00,-206.25,False
20140519,12:00,15205.80,11:44,15036.00,09:22,True,12:29,False,N/A,True,False,15305.65,14:51,99.85,0.66,15151.85,12:13,-53.95,-0.35,0.00,N/A,0.00,0.0,0.00,N/A,0.00,0.0,15201.80,-4.00,0.00,False
20140520,12:00,15362.55,09:15,15105.90,10:47,False,N/A,True,13:41,False,True,0.00,N/A,0.00,0.0,0.00,N/A,0.00,0.0,15087.70,15:19,18.20,0.12,15193.80,14:47,-87.90,-0.58,15098.10,0.00,7.80,False
20140521,12:00,15116.50,09:15,15017.90,09:58,False,N/A,True,12:12,False,True,0.00,N/A,0.00,0.0,0.00,N/A,0.00,0.0,14857.50,13:07,160.40,1.07,15054.60,12:02,-36.70,-0.24,14932.85,0.00,85.05,False
20140522,12:00,15102.55,11:02,14938.25,09:25,True,12:04,False,N/A,True,False,15204.45,12:32,101.90,0.67,15029.65,14:58,-72.90,-0.48,0.00,N/A,0.00,0.0,0.00,N/A,0.00,0.0,15047.45,-55.10,0.00,False
20140523,12:00,15184.35,09:48,14989.90,10:48,True,14:42,True,13:05,True,False,15321.25,15:26,136.90,0.9,14972.60,13:05,-211.75,-1.39,14972.60,13:05,17.30,0.12,15321.25,15:26,-331.35,-2.21,15312.95,128.60,-323.05,False
20140526,12:00,15568.05,09:23,15393.30,09:18,False,N/A,True,13:04,False,True,0.00,N/A,0.00,0.0,0.00,N/A,0.00,0.0,14969.25,14:34,424.05,2.75,15517.75,12:39,-124.45,-0.81,15150.70,0.00,242.60,False
20140527,12:00,15110.00,09:15,14934.95,10:41,True,12:50,False,N/A,True,False,15158.40,13:02,48.40,0.32,14984.45,13:24,-125.55,-0.83,0.00,N/A,0.00,0.0,0.00,N/A,0.00,0.0,15052.90,-57.10,0.00,False
20140528,12:00,15188.10,09:27,15032.45,10:26,True,13:16,False,N/A,True,False,15195.95,15:29,7.85,0.05,15086.05,12:39,-102.05,-0.67,0.00,N/A,0.00,0.0,0.00,N/A,0.00,0.0,15186.50,-1.60,0.00,False
20140529,12:00,15254.50,09:25,15135.10,09:15,False,N/A,True,13:17,False,True,0.00,N/A,0.00,0.0,0.00,N/A,0.00,0.0,15007.50,15:22,127.60,0.84,15209.90,12:14,-74.80,-0.49,15072.35,0.00,62.75,False
20140530,12:00,15108.80,09:17,14805.05,09:37,False,N/A,True,15:10,False,True,0.00,N/A,0.00,0.0,0.00,N/A,0.00,0.0,14709.30,15:29,95.75,0.65,14973.55,12:01,-168.50,-1.14,14719.45,0.00,85.60,False
20140602,12:00,15115.70,12:00,14770.00,09:18,True,12:01,False,N/A,True,False,15321.80,15:10,206.10,1.36,15099.30,12:04,-16.40,-0.11,0.00,N/A,0.00,0.0,0.00,N/A,0.00,0.0,15262.00,146.30,0.00,False
20140603,12:00,15414.05,11:04,15148.50,10:59,False,N/A,False,N/A,False,False,0.00,N/A,0.00,0.0,0.00,N/A,0.00,0.0,0.00,N/A,0.00,0.0,0.00,N/A,0.00,0.0,15246.50,0.00,0.00,True
20140604,12:00,15392.10,11:48,15171.15,09:15,True,12:10,False,N/A,True,False,15396.90,12:36,4.80,0.03,15272.15,14:29,-119.95,-0.78,0.00,N/A,0.00,0.0,0.00,N/A,0.00,0.0,15334.30,-57.80,0.00,False
20140605,12:00,15305.35,09:27,15152.40,10:17,True,12:37,False,N/A,True,False,15337.15,14:08,31.80,0.21,15218.80,14:45,-86.55,-0.57,0.00,N/A,0.00,0.0,0.00,N/A,0.00,0.0,15289.75,-15.60,0.00,False
20140606,12:00,15530.55,10:56,15320.75,09:44,True,14:43,False,N/A,True,False,15576.05,15:02,45.50,0.29,15446.85,13:47,-83.70,-0.54,0.00,N/A,0.00,0.0,0.00,N/A,0.00,0.0,15535.75,5.20,0.00,False
20140609,12:00,15725.80,09:32,15588.20,09:18,False,N/A,True,12:02,False,True,0.00,N/A,0.00,0.0,0.00,N/A,0.00,0.0,15522.85,12:03,65.35,0.42,15647.45,14:43,-59.25,-0.38,15543.00,0.00,45.20,False
20140610,12:00,15582.85,09:15,15337.85,10:40,False,N/A,False,N/A,False,False,0.00,N/A,0.00,0.0,0.00,N/A,0.00,0.0,0.00,N/A,0.00,0.0,0.00,N/A,0.00,0.0,15419.85,0.00,0.00,True
20140611,12:00,15660.05,11:07,15367.60,09:17,False,N/A,False,N/A,False,False,0.00,N/A,0.00,0.0,0.00,N/A,0.00,0.0,0.00,N/A,0.00,0.0,0.00,N/A,0.00,0.0,15401.45,0.00,0.00,True
20140612,12:00,15457.85,10:04,15293.40,09:25,True,12:26,False,N/A,True,False,15518.75,13:41,60.90,0.39,15394.55,14:45,-63.30,-0.41,0.00,N/A,0.00,0.0,0.00,N/A,0.00,0.0,15487.25,29.40,0.00,False
20140613,12:00,15599.75,09:59,15464.60,11:58,False,N/A,True,12:01,False,True,0.00,N/A,0.00,0.0,0.00,N/A,0.00,0.0,15083.90,15:20,380.70,2.46,15466.10,12:01,-1.50,-0.01,15091.95,0.00,372.65,False
20140616,12:00,15091.30,11:37,14876.75,10:04,False,N/A,True,12:40,False,True,0.00,N/A,0.00,0.0,0.00,N/A,0.00,0.0,14858.90,12:43,17.85,0.12,15082.60,14:34,-205.85,-1.38,15022.00,0.00,-145.25,False
20140617,12:00,15088.50,10:17,14933.25,09:22,True,14:22,False,N/A,True,False,15390.65,15:29,302.15,2.0,14942.10,12:29,-146.40,-0.97,0.00,N/A,0.00,0.0,0.00,N/A,0.00,0.0,15381.50,293.00,0.00,False
20140618,12:00,15461.55,10:44,15334.85,09:21,False,N/A,True,12:24,False,True,0.00,N/A,0.00,0.0,0.00,N/A,0.00,0.0,15128.45,12:50,206.40,1.35,15430.70,12:09,-95.85,-0.63,15193.85,0.00,141.00,False
20140619,12:00,15332.75,09:19,15119.25,11:52,False,N/A,True,12:02,False,True,0.00,N/A,0.00,0.0,0.00,N/A,0.00,0.0,14976.15,12:10,143.10,0.95,15174.65,13:53,-55.40,-0.37,15056.70,0.00,62.55,False
20140620,12:00,15195.55,11:51,14993.70,09:23,False,N/A,True,15:02,False,True,0.00,N/A,0.00,0.0,0.00,N/A,0.00,0.0,14978.50,15:03,15.20,0.1,15168.25,12:12,-174.55,-1.16,15009.65,0.00,-15.95,False
20140623,12:00,15148.00,11:44,14940.35,10:30,False,N/A,False,N/A,False,False,0.00,N/A,0.00,0.0,0.00,N/A,0.00,0.0,0.00,N/A,0.00,0.0,0.00,N/A,0.00,0.0,15080.35,0.00,0.00,True
20140624,12:00,15316.90,10:15,15154.15,09:17,True,13:30,False,N/A,True,False,15341.95,13:41,25.05,0.16,15206.60,14:43,-110.30,-0.72,0.00,N/A,0.00,0.0,0.00,N/A,0.00,0.0,15309.70,-7.20,0.00,False
20140625,12:00,15305.60,09:15,15224.00,11:30,False,N/A,True,13:04,False,False,0.00,N/A,0.00,0.0,0.00,N/A,0.00,0.0,15221.15,15:18,2.85,0.02,15292.55,13:31,-68.55,-0.45,15227.10,0.00,-3.10,False
20140626,12:00,15333.25,09:30,15175.05,11:56,False,N/A,True,12:01,False,True,0.00,N/A,0.00,0.0,0.00,N/A,0.00,0.0,15020.65,15:13,154.40,1.02,15218.75,14:44,-43.70,-0.29,15054.75,0.00,120.30,False
20140627,12:00,15117.15,09:23,14969.15,11:55,False,N/A,True,12:14,False,True,0.00,N/A,0.00,0.0,0.00,N/A,0.00,0.0,14946.85,12:16,22.30,0.15,15039.70,14:19,-70.55,-0.47,15004.80,0.00,-35.65,False
20140630,12:00,15307.85,11:59,15069.80,09:19,True,12:10,False,N/A,True,False,15329.95,13:13,22.10,0.14,15210.05,15:29,-97.80,-0.64,0.00,N/A,0.00,0.0,0.00,N/A,0.00,0.0,15213.95,-93.90,0.00,False
20140701,12:00,15338.05,09:24,15261.15,10:22,True,12:06,False,N/A,True,False,15365.65,14:37,27.60,0.18,15300.10,13:32,-37.95,-0.25,0.00,N/A,0.00,0.0,0.00,N/A,0.00,0.0,15320.65,-17.40,0.00,False
20140702,12:00,15512.65,10:41,15414.85,09:23,True,14:45,False,N/A,True,False,15519.30,14:46,6.65,0.04,15473.05,14:02,-39.60,-0.26,0.00,N/A,0.00,0.0,0.00,N/A,0.00,0.0,15484.90,-27.75,0.00,False
20140703,12:00,15554.70,09:17,15431.50,09:57,False,N/A,False,N/A,False,False,0.00,N/A,0.00,0.0,0.00,N/A,0.00,0.0,0.00,N/A,0.00,0.0,0.00,N/A,0.00,0.0,15458.25,0.00,0.00,True
20140704,12:00,15493.90,10:14,15374.85,11:34,True,14:33,True,12:14,True,True,15582.65,15:01,88.75,0.57,15305.00,12:38,-188.90,-1.22,15305.00,12:38,69.85,0.45,15582.65,15:01,-207.80,-1.35,15542.85,48.95,-168.00,False
20140707,12:00,15592.80,09:15,15421.10,10:19,False,N/A,True,12:11,False,True,0.00,N/A,0.00,0.0,0.00,N/A,0.00,0.0,15349.20,15:18,71.90,0.47,15439.80,12:06,-18.70,-0.12,15358.75,0.00,62.35,False
20140708,12:00,15428.70,09:15,15283.75,10:10,False,N/A,True,12:58,False,True,0.00,N/A,0.00,0.0,0.00,N/A,0.00,0.0,14892.95,15:26,390.80,2.56,15382.05,12:01,-98.30,-0.64,14907.00,0.00,376.75,False
20140709,12:00,15093.45,10:04,14827.10,09:47,False,N/A,False,N/A,False,False,0.00,N/A,0.00,0.0,0.00,N/A,0.00,0.0,0.00,N/A,0.00,0.0,0.00,N/A,0.00,0.0,14912.10,0.00,0.00,True
20140710,12:00,15003.55,11:03,14625.05,11:39,True,13:05,True,12:01,True,False,15371.05,13:56,367.50,2.45,14621.95,12:01,-381.60,-2.54,14621.95,12:01,3.10,0.02,15371.05,13:56,-746.00,-5.1,14756.70,-246.85,-131.65,False
20140711,12:00,14918.85,09:30,14655.55,11:39,False,N/A,True,12:31,False,True,0.00,N/A,0.00,0.0,0.00,N/A,0.00,0.0,14406.65,15:19,248.90,1.7,14740.45,12:12,-84.90,-0.58,14446.00,0.00,209.55,False
20140714,12:00,14535.50,10:21,14338.65,09:30,True,14:04,False,N/A,True,False,14561.75,14:38,26.25,0.18,14373.00,12:45,-162.50,-1.12,0.00,N/A,0.00,0.0,0.00,N/A,0.00,0.0,14494.60,-40.90,0.00,False
20140715,12:00,14791.20,11:41,14609.35,09:17,True,14:31,False,N/A,True,False,14919.55,15:08,128.35,0.87,14627.00,12:29,-164.20,-1.11,0.00,N/A,0.00,0.0,0.00,N/A,0.00,0.0,14870.45,79.25,0.00,False
20140716,12:00,15105.65,11:28,15006.45,10:04,True,12:45,False,N/A,True,False,15297.90,15:29,192.25,1.27,15026.85,12:09,-78.80,-0.52,0.00,N/A,0.00,0.0,0.00,N/A,0.00,0.0,15295.75,190.10,0.00,False
20140717,12:00,15263.35,09:21,15156.00,11:17,True,13:31,False,N/A,True,False,15301.95,15:07,38.60,0.25,15199.65,14:19,-63.70,-0.42,0.00,N/A,0.00,0.0,0.00,N/A,0.00,0.0,15258.80,-4.55,0.00,False
20140718,12:00,15237.25,11:12,15089.30,09:38,True,12:02,False,N/A,True,False,15463.15,14:53,225.90,1.48,15224.05,12:04,-13.20,-0.09,0.00,N/A,0.00,0.0,0.00,N/A,0.00,0.0,15365.75,128.50,0.00,False
20140721,12:00,15554.90,10:10,15434.10,11:41,False,N/A,True,13:36,False,True,0.00,N/A,0.00,0.0,0.00,N/A,0.00,0.0,15355.35,15:18,78.75,0.51,15519.60,12:19,-85.50,-0.55,15359.85,0.00,74.25,False
20140722,12:00,15473.35,10:48,15361.85,09:38,False,N/A,True,13:41,False,True,0.00,N/A,0.00,0.0,0.00,N/A,0.00,0.0,15306.35,13:57,55.50,0.36,15453.05,13:13,-91.20,-0.59,15439.05,0.00,-77.20,False
20140723,12:00,15626.90,09:39,15468.75,11:18,False,N/A,True,13:33,False,True,0.00,N/A,0.00,0.0,0.00,N/A,0.00,0.0,15398.70,13:47,70.05,0.45,15537.10,12:58,-68.35,-0.44,15470.25,0.00,-1.50,False
20140724,12:00,15539.50,11:49,15410.20,09:33,True,14:45,False,N/A,True,False,15559.10,14:46,19.60,0.13,15419.25,12:43,-120.25,-0.77,0.00,N/A,0.00,0.0,0.00,N/A,0.00,0.0,15526.55,-12.95,0.00,False
20140725,12:00,15571.90,09:41,15438.55,10:32,False,N/A,True,12:12,False,True,0.00,N/A,0.00,0.0,0.00,N/A,0.00,0.0,15272.45,13:20,166.10,1.08,15467.90,12:09,-29.35,-0.19,15320.75,0.00,117.80,False
20140728,12:00,15403.90,09:38,15274.85,11:39,False,N/A,True,12:12,False,True,0.00,N/A,0.00,0.0,0.00,N/A,0.00,0.0,15162.05,14:42,112.80,0.74,15301.50,12:01,-26.65,-0.17,15214.70,0.00,60.15,False
20140730,12:00,15291.10,11:13,15184.65,09:49,True,13:56,False,N/A,True,False,15470.60,15:01,179.50,1.17,15211.20,13:28,-79.90,-0.52,0.00,N/A,0.00,0.0,0.00,N/A,0.00,0.0,15460.90,169.80,0.00,False
20140731,12:00,15499.50,11:06,15385.85,09:48,False,N/A,True,14:03,False,True,0.00,N/A,0.00,0.0,0.00,N/A,0.00,0.0,15238.15,15:28,147.70,0.96,15493.70,12:01,-107.85,-0.7,15247.30,0.00,138.55,False
20140801,12:00,15255.95,11:57,15113.20,09:15,True,12:03,True,14:52,True,True,15417.25,12:47,161.30,1.06,15096.10,14:52,-159.85,-1.05,15096.10,14:52,17.10,0.11,15417.25,12:47,-304.05,-2.01,15155.05,-100.90,-41.85,False
20140804,12:00,15326.15,09:31,15222.70,11:21,False,N/A,True,12:07,False,True,0.00,N/A,0.00,0.0,0.00,N/A,0.00,0.0,15128.10,14:05,94.60,0.62,15263.70,15:21,-41.00,-0.27,15255.30,0.00,-32.60,False
20140805,12:00,15343.50,11:42,15145.50,11:07,False,N/A,True,12:17,False,True,0.00,N/A,0.00,0.0,0.00,N/A,0.00,0.0,15105.90,12:21,39.60,0.26,15326.45,14:41,-180.95,-1.19,15286.85,0.00,-141.35,False
20140806,12:00,15239.35,09:17,15115.35,10:24,False,N/A,True,12:06,False,True,0.00,N/A,0.00,0.0,0.00,N/A,0.00,0.0,14983.50,15:18,131.85,0.87,15144.35,13:31,-29.00,-0.19,15008.60,0.00,106.75,False
20140807,12:00,15104.90,10:12,14959.20,11:27,True,13:55,True,15:00,True,False,15135.10,14:02,30.20,0.2,14956.85,15:00,-148.05,-0.98,14956.85,15:00,2.35,0.02,15135.10,14:02,-175.90,-1.18,14997.95,-106.95,-38.75,False
20140808,12:00,14858.95,09:15,14709.10,11:46,False,N/A,False,N/A,False,False,0.00,N/A,0.00,0.0,0.00,N/A,0.00,0.0,0.00,N/A,0.00,0.0,0.00,N/A,0.00,0.0,14742.95,0.00,0.00,True
20140811,12:00,14894.70,09:26,14822.65,10:19,True,13:25,True,14:55,True,True,14896.90,13:26,2.20,0.01,14807.00,14:57,-87.70,-0.59,14807.00,14:57,15.65,0.11,14896.90,13:26,-74.25,-0.5,14836.50,-58.20,-13.85,False
20140812,12:00,14947.20,09:15,14864.15,10:37,True,14:30,True,12:08,True,False,15078.10,15:22,130.90,0.88,14850.15,12:08,-97.05,-0.65,14850.15,12:08,14.00,0.09,15078.10,15:22,-213.95,-1.44,15070.35,123.15,-206.20,False
20140813,12:00,15078.35,10:01,14929.85,11:47,False,N/A,True,12:43,False,True,0.00,N/A,0.00,0.0,0.00,N/A,0.00,0.0,14843.80,13:23,86.05,0.58,14972.90,12:41,-43.05,-0.29,14886.65,0.00,43.20,False
20140814,12:00,15076.05,11:10,14940.30,09:17,True,12:53,False,N/A,True,False,15144.75,14:27,68.70,0.46,15019.85,12:12,-56.20,-0.37,0.00,N/A,0.00,0.0,0.00,N/A,0.00,0.0,15080.35,4.30,0.00,False
20140818,12:00,15280.85,11:44,15068.35,09:24,True,12:16,False,N/A,True,False,15461.45,15:29,180.60,1.18,15251.95,12:03,-28.90,-0.19,0.00,N/A,0.00,0.0,0.00,N/A,0.00,0.0,15456.95,176.10,0.00,False
20140819,12:00,15553.55,09:43,15469.85,09:25,True,12:26,False,N/A,True,False,15624.35,13:20,70.80,0.46,15502.00,12:06,-51.55,-0.33,0.00,N/A,0.00,0.0,0.00,N/A,0.00,0.0,15521.55,-32.00,0.00,False
20140820,12:00,15562.55,09:17,15448.90,10:51,False,N/A,False,N/A,False,False,0.00,N/A,0.00,0.0,0.00,N/A,0.00,0.0,0.00,N/A,0.00,0.0,0.00,N/A,0.00,0.0,15464.90,0.00,0.00,True
20140821,12:00,15721.95,11:19,15462.50,09:17,False,N/A,False,N/A,False,False,0.00,N/A,0.00,0.0,0.00,N/A,0.00,0.0,0.00,N/A,0.00,0.0,0.00,N/A,0.00,0.0,15676.15,0.00,0.00,True
20140822,12:00,15865.30,11:04,15696.30,09:15,False,N/A,False,N/A,False,False,0.00,N/A,0.00,0.0,0.00,N/A,0.00,0.0,0.00,N/A,0.00,0.0,0.00,N/A,0.00,0.0,15813.05,0.00,0.00,True
20140825,12:00,15973.35,09:45,15811.70,09:15,False,N/A,True,14:43,False,True,0.00,N/A,0.00,0.0,0.00,N/A,0.00,0.0,15625.45,15:06,186.25,1.18,15943.00,12:39,-131.30,-0.83,15690.20,0.00,121.50,False
20140826,12:00,15674.55,09:44,15527.45,09:15,False,N/A,True,13:39,False,True,0.00,N/A,0.00,0.0,0.00,N/A,0.00,0.0,15503.40,13:57,24.05,0.15,15649.80,15:19,-122.35,-0.79,15640.75,0.00,-113.30,False
20140827,12:00,15758.85,09:23,15669.05,10:57,False,N/A,False,N/A,False,False,0.00,N/A,0.00,0.0,0.00,N/A,0.00,0.0,0.00,N/A,0.00,0.0,0.00,N/A,0.00,0.0,15727.95,0.00,0.00,True
20140828,12:00,15794.60,09:42,15720.70,11:43,False,N/A,True,12:15,False,True,0.00,N/A,0.00,0.0,0.00,N/A,0.00,0.0,15688.15,14:19,32.55,0.21,15764.20,15:17,-43.50,-0.28,15727.30,0.00,-6.60,False
20140901,12:00,15965.15,11:26,15804.65,09:15,True,12:37,False,N/A,True,False,16045.10,15:29,79.95,0.5,15925.40,13:16,-39.75,-0.25,0.00,N/A,0.00,0.0,0.00,N/A,0.00,0.0,16034.95,69.80,0.00,False
20140902,12:00,16137.10,10:51,16047.30,09:15,True,13:33,False,N/A,True,False,16170.85,13:43,33.75,0.21,16088.55,13:02,-48.55,-0.3,0.00,N/A,0.00,0.0,0.00,N/A,0.00,0.0,16125.55,-11.55,0.00,False
20140903,12:00,16201.05,09:15,16048.10,09:47,False,N/A,False,N/A,False,False,0.00,N/A,0.00,0.0,0.00,N/A,0.00,0.0,0.00,N/A,0.00,0.0,0.00,N/A,0.00,0.0,16103.75,0.00,0.00,True
20140904,12:00,16114.75,09:15,15963.60,11:35,False,N/A,True,12:07,False,True,0.00,N/A,0.00,0.0,0.00,N/A,0.00,0.0,15926.65,12:36,36.95,0.23,16044.40,15:10,-80.80,-0.51,16030.70,0.00,-67.10,False
20140905,12:00,16111.00,09:30,15924.55,11:47,False,N/A,True,12:05,False,True,0.00,N/A,0.00,0.0,0.00,N/A,0.00,0.0,15891.75,14:35,32.80,0.21,16016.25,13:48,-91.70,-0.58,15987.85,0.00,-63.30,False
20140908,12:00,16122.65,09:19,16049.25,09:43,True,13:21,False,N/A,True,False,16222.55,15:23,99.90,0.62,16060.85,12:53,-61.80,-0.38,0.00,N/A,0.00,0.0,0.00,N/A,0.00,0.0,16202.25,79.60,0.00,False
20140909,12:00,16199.10,09:36,16085.70,11:36,False,N/A,False,N/A,False,False,0.00,N/A,0.00,0.0,0.00,N/A,0.00,0.0,0.00,N/A,0.00,0.0,0.00,N/A,0.00,0.0,16155.75,0.00,0.00,True
20140910,12:00,16128.50,09:15,16053.90,09:36,True,14:28,False,N/A,True,False,16180.25,15:29,51.75,0.32,16063.50,13:46,-65.00,-0.4,0.00,N/A,0.00,0.0,0.00,N/A,0.00,0.0,16177.10,48.60,0.00,False
20140911,12:00,16309.70,10:39,16166.85,11:27,False,N/A,False,N/A,False,False,0.00,N/A,0.00,0.0,0.00,N/A,0.00,0.0,0.00,N/A,0.00,0.0,0.00,N/A,0.00,0.0,16198.50,0.00,0.00,True
20140912,12:00,16235.35,09:15,16145.70,11:16,True,14:41,False,N/A,True,False,16266.25,15:29,30.90,0.19,16155.85,13:10,-79.50,-0.49,0.00,N/A,0.00,0.0,0.00,N/A,0.00,0.0,16255.60,20.25,0.00,False
20140915,12:00,16184.20,12:00,16106.05,09:47,True,12:01,False,N/A,True,False,16239.70,13:02,55.50,0.34,16150.85,15:29,-33.35,-0.21,0.00,N/A,0.00,0.0,0.00,N/A,0.00,0.0,16151.65,-32.55,0.00,False
20140916,12:00,16169.60,09:55,16067.85,11:45,False,N/A,True,12:14,False,True,0.00,N/A,0.00,0.0,0.00,N/A,0.00,0.0,15818.65,15:29,249.20,1.55,16086.80,12:01,-18.95,-0.12,15820.60,0.00,247.25,False
20140917,12:00,15937.30,09:15,15808.55,09:43,False,N/A,True,12:19,False,True,0.00,N/A,0.00,0.0,0.00,N/A,0.00,0.0,15799.70,12:25,8.85,0.06,15890.00,13:13,-81.45,-0.52,15824.10,0.00,-15.55,False
20140918,12:00,16060.80,11:28,15770.80,09:17,True,12:12,False,N/A,True,False,16173.80,14:35,113.00,0.7,16035.45,12:02,-25.35,-0.16,0.00,N/A,0.00,0.0,0.00,N/A,0.00,0.0,16138.85,78.05,0.00,False
20140919,12:00,16187.45,09:18,16064.60,11:43,False,N/A,False,N/A,False,False,0.00,N/A,0.00,0.0,0.00,N/A,0.00,0.0,0.00,N/A,0.00,0.0,0.00,N/A,0.00,0.0,16141.25,0.00,0.00,True
20140922,12:00,16124.25,09:57,16021.15,09:23,True,12:58,False,N/A,True,False,16272.35,14:56,148.10,0.92,16092.85,12:03,-31.40,-0.19,0.00,N/A,0.00,0.0,0.00,N/A,0.00,0.0,16155.30,31.05,0.00,False
20140923,12:00,16240.55,09:25,16088.15,10:41,False,N/A,True,12:21,False,True,0.00,N/A,0.00,0.0,0.00,N/A,0.00,0.0,15894.55,15:20,193.60,1.2,16110.60,12:07,-22.45,-0.14,15908.25,0.00,179.90,False
20140924,12:00,15954.45,09:18,15810.95,10:36,False,N/A,True,12:09,False,True,0.00,N/A,0.00,0.0,0.00,N/A,0.00,0.0,15625.85,14:27,185.10,1.17,15852.90,12:50,-41.95,-0.27,15713.15,0.00,97.80,False
20140925,12:00,15734.10,09:15,15459.90,11:10,False,N/A,True,13:21,False,True,0.00,N/A,0.00,0.0,0.00,N/A,0.00,0.0,15213.35,15:07,246.55,1.59,15521.60,12:08,-61.70,-0.4,15372.00,0.00,87.90,False
20140926,12:00,15459.95,09:52,15203.85,09:21,True,14:37,True,12:18,True,True,15666.40,14:53,206.45,1.34,15168.40,12:42,-291.55,-1.89,15168.40,12:42,35.45,0.23,15666.40,14:53,-462.55,-3.04,15622.20,162.25,-418.35,False
20140929,12:00,15622.80,09:15,15471.55,11:01,False,N/A,True,14:52,False,True,0.00,N/A,0.00,0.0,0.00,N/A,0.00,0.0,15420.80,15:01,50.75,0.33,15583.50,12:42,-111.95,-0.72,15491.65,0.00,-20.10,False
20140930,12:00,15560.20,11:00,15392.65,09:17,True,12:32,True,14:03,True,True,15596.10,12:50,35.90,0.23,15336.70,14:39,-223.50,-1.44,15336.70,14:39,55.95,0.36,15596.10,12:50,-203.45,-1.32,15361.35,-198.85,31.30,False
20141001,12:00,15377.60,09:15,15270.95,09:47,False,N/A,False,N/A,False,False,0.00,N/A,0.00,0.0,0.00,N/A,0.00,0.0,0.00,N/A,0.00,0.0,0.00,N/A,0.00,0.0,15292.60,0.00,0.00,True
20141007,12:00,15344.60,09:41,15189.75,10:12,False,N/A,True,15:01,False,True,0.00,N/A,0.00,0.0,0.00,N/A,0.00,0.0,15164.70,15:10,25.05,0.16,15305.95,12:49,-116.20,-0.76,15176.55,0.00,13.20,False
20141008,12:00,15351.00,11:22,15131.25,09:15,True,14:58,False,N/A,True,False,15370.55,15:28,19.55,0.13,15213.35,14:25,-137.65,-0.9,0.00,N/A,0.00,0.0,0.00,N/A,0.00,0.0,15367.95,16.95,0.00,False
20141009,12:00,15603.40,11:03,15470.95,09:15,True,12:19,False,N/A,True,False,15795.65,14:39,192.25,1.23,15561.95,12:01,-41.45,-0.27,0.00,N/A,0.00,0.0,0.00,N/A,0.00,0.0,15722.30,118.90,0.00,False
20141010,12:00,15593.15,09:21,15460.20,11:21,True,13:12,True,15:01,True,True,15628.75,13:19,35.60,0.23,15439.35,15:11,-153.80,-0.99,15439.35,15:11,20.85,0.13,15628.75,13:19,-168.55,-1.09,15452.80,-140.35,7.40,False
20141013,12:00,15410.20,10:33,15301.65,09:20,True,12:14,False,N/A,True,False,15705.70,14:58,295.50,1.92,15377.20,12:07,-33.00,-0.21,0.00,N/A,0.00,0.0,0.00,N/A,0.00,0.0,15673.50,263.30,0.00,False
20141014,12:00,15820.45,09:17,15560.25,10:51,True,14:39,False,N/A,True,False,15843.70,14:44,23.25,0.15,15660.80,12:01,-159.65,-1.01,0.00,N/A,0.00,0.0,0.00,N/A,0.00,0.0,15754.25,-66.20,0.00,False
20141016,12:00,15836.15,09:33,15661.00,09:15,False,N/A,True,14:41,False,True,0.00,N/A,0.00,0.0,0.00,N/A,0.00,0.0,15477.05,15:20,183.95,1.17,15825.50,12:47,-164.50,-1.05,15512.35,0.00,148.65,False
20141017,12:00,15811.65,12:00,15603.45,09:24,True,12:03,False,N/A,True,False,15973.50,14:59,161.85,1.02,15774.30,12:55,-37.35,-0.24,0.00,N/A,0.00,0.0,0.00,N/A,0.00,0.0,15920.40,108.75,0.00,False
20141020,12:00,16297.25,09:40,16199.70,09:58,False,N/A,True,13:03,False,True,0.00,N/A,0.00,0.0,0.00,N/A,0.00,0.0,16157.05,13:44,42.65,0.26,16286.90,12:04,-87.20,-0.54,16216.10,0.00,-16.40,False
20141021,12:00,16452.85,10:51,16269.00,09:19,False,N/A,False,N/A,False,False,0.00,N/A,0.00,0.0,0.00,N/A,0.00,0.0,0.00,N/A,0.00,0.0,0.00,N/A,0.00,0.0,16437.00,0.00,0.00,True
20141022,12:00,16572.50,09:15,16439.40,09:57,False,N/A,True,12:33,False,True,0.00,N/A,0.00,0.0,0.00,N/A,0.00,0.0,16365.60,13:12,73.80,0.45,16484.75,12:09,-45.35,-0.28,16443.20,0.00,-3.80,False
20141027,12:00,16664.30,10:14,16470.85,09:23,False,N/A,False,N/A,False,False,0.00,N/A,0.00,0.0,0.00,N/A,0.00,0.0,0.00,N/A,0.00,0.0,0.00,N/A,0.00,0.0,16550.10,0.00,0.00,True
20141028,12:00,16702.30,09:53,16611.60,09:15,False,N/A,False,N/A,False,False,0.00,N/A,0.00,0.0,0.00,N/A,0.00,0.0,0.00,N/A,0.00,0.0,0.00,N/A,0.00,0.0,16668.55,0.00,0.00,True
20141029,12:00,16766.10,09:15,16608.40,10:55,False,N/A,True,14:16,False,True,0.00,N/A,0.00,0.0,0.00,N/A,0.00,0.0,16596.25,14:42,12.15,0.07,16681.75,12:09,-73.35,-0.44,16638.65,0.00,-30.25,False
20141030,12:00,16728.25,11:44,16561.35,09:29,True,12:57,False,N/A,True,False,16776.35,15:13,48.10,0.29,16616.90,13:27,-111.35,-0.67,0.00,N/A,0.00,0.0,0.00,N/A,0.00,0.0,16762.60,34.35,0.00,False
20141031,12:00,16995.85,11:57,16783.65,09:15,True,14:47,False,N/A,True,False,17060.15,15:00,64.30,0.38,16925.90,13:37,-69.95,-0.41,0.00,N/A,0.00,0.0,0.00,N/A,0.00,0.0,17026.05,30.20,0.00,False
20141103,12:00,17120.65,09:21,16934.85,09:48,True,12:10,False,N/A,True,False,17168.40,14:44,47.75,0.28,17079.80,12:01,-40.85,-0.24,0.00,N/A,0.00,0.0,0.00,N/A,0.00,0.0,17113.55,-7.10,0.00,False
20141105,12:00,17373.35,11:26,17157.80,09:15,True,13:39,False,N/A,True,False,17425.20,14:42,51.85,0.3,17298.75,12:49,-74.60,-0.43,0.00,N/A,0.00,0.0,0.00,N/A,0.00,0.0,17369.20,-4.15,0.00,False
20141107,12:00,17383.60,09:22,17202.20,10:27,False,N/A,False,N/A,False,False,0.00,N/A,0.00,0.0,0.00,N/A,0.00,0.0,0.00,N/A,0.00,0.0,0.00,N/A,0.00,0.0,17367.00,0.00,0.00,True
20141110,12:00,17412.00,09:27,17258.00,10:06,False,N/A,True,12:13,False,True,0.00,N/A,0.00,0.0,0.00,N/A,0.00,0.0,17203.00,13:12,55.00,0.32,17317.55,14:35,-59.55,-0.35,17277.70,0.00,-19.70,False
20141111,12:00,17398.90,09:50,17256.00,09:26,True,15:23,True,12:12,True,True,17431.60,15:29,32.70,0.19,17220.45,12:18,-178.45,-1.03,17220.45,12:18,35.55,0.21,17431.60,15:29,-175.60,-1.02,17427.50,28.60,-171.50,False
20141112,12:00,17617.60,11:45,17453.45,09:23,True,13:01,False,N/A,True,False,17635.90,13:05,18.30,0.1,17537.75,14:30,-79.85,-0.45,0.00,N/A,0.00,0.0,0.00,N/A,0.00,0.0,17573.85,-43.75,0.00,False
20141113,12:00,17651.00,09:15,17434.75,10:14,False,N/A,True,14:30,False,True,0.00,N/A,0.00,0.0,0.00,N/A,0.00,0.0,17389.65,14:38,45.10,0.26,17522.35,12:59,-87.60,-0.5,17433.40,0.00,1.35,False
20141114,12:00,17565.20,10:55,17410.50,09:26,True,13:47,False,N/A,True,False,17601.15,15:13,35.95,0.2,17467.90,12:48,-97.30,-0.55,0.00,N/A,0.00,0.0,0.00,N/A,0.00,0.0,17568.90,3.70,0.00,False
20141117,12:00,17579.25,09:15,17469.25,10:43,True,14:16,False,N/A,True,False,17676.60,14:48,97.35,0.55,17482.75,13:23,-96.50,-0.55,0.00,N/A,0.00,0.0,0.00,N/A,0.00,0.0,17619.80,40.55,0.00,False
20141118,12:00,17745.60,10:41,17601.15,09:30,True,13:36,False,N/A,True,False,17750.25,13:38,4.65,0.03,17639.20,13:56,-106.40,-0.6,0.00,N/A,0.00,0.0,0.00,N/A,0.00,0.0,17706.35,-39.25,0.00,False
20141119,12:00,17745.70,09:15,17590.25,10:23,False,N/A,True,14:40,False,True,0.00,N/A,0.00,0.0,0.00,N/A,0.00,0.0,17557.10,14:54,33.15,0.19,17685.25,12:55,-95.00,-0.54,17578.40,0.00,11.85,False
20141120,12:00,17662.20,09:21,17558.10,09:31,True,15:21,True,14:07,True,True,17681.80,15:25,19.60,0.11,17546.70,14:07,-115.50,-0.65,17546.70,14:07,11.40,0.06,17681.80,15:25,-123.70,-0.7,17647.05,-15.15,-88.95,False
20141121,12:00,18139.95,11:45,17716.65,09:20,False,N/A,False,N/A,False,False,0.00,N/A,0.00,0.0,0.00,N/A,0.00,0.0,0.00,N/A,0.00,0.0,0.00,N/A,0.00,0.0,18068.95,0.00,0.00,True
20141124,12:00,18239.60,09:23,18119.65,10:37,True,14:05,False,N/A,True,False,18313.10,15:07,73.50,0.4,18179.60,12:24,-60.00,-0.33,0.00,N/A,0.00,0.0,0.00,N/A,0.00,0.0,18278.40,38.80,0.00,False
20141125,12:00,18252.85,09:15,18036.45,10:51,False,N/A,True,12:06,False,True,0.00,N/A,0.00,0.0,0.00,N/A,0.00,0.0,17992.50,14:29,43.95,0.24,18066.85,13:49,-30.40,-0.17,18026.60,0.00,9.85,False
20141126,12:00,18019.20,09:47,17890.85,09:26,True,13:31,False,N/A,True,False,18128.15,13:58,108.95,0.6,17941.15,12:45,-78.05,-0.43,0.00,N/A,0.00,0.0,0.00,N/A,0.00,0.0,17965.30,-53.90,0.00,False
20141127,12:00,18024.65,09:22,17928.60,10:46,True,14:32,True,12:49,True,True,18054.65,15:27,30.00,0.17,17898.40,12:52,-126.25,-0.7,17898.40,12:52,30.20,0.17,18054.65,15:27,-126.05,-0.7,18043.25,18.60,-114.65,False
20141128,12:00,18602.35,11:57,18112.85,09:15,True,12:02,False,N/A,True,False,18615.40,12:18,13.05,0.07,18499.05,15:10,-103.30,-0.56,0.00,N/A,0.00,0.0,0.00,N/A,0.00,0.0,18507.20,-95.15,0.00,False
20141201,12:00,18676.10,10:42,18529.60,09:24,False,N/A,True,14:32,False,True,0.00,N/A,0.00,0.0,0.00,N/A,0.00,0.0,18497.00,14:42,32.60,0.18,18637.00,12:22,-107.40,-0.58,18523.10,0.00,6.50,False
20141202,12:00,18594.20,11:22,18301.00,11:01,True,14:52,False,N/A,True,False,18601.85,14:53,7.65,0.04,18410.85,12:27,-183.35,-0.99,0.00,N/A,0.00,0.0,0.00,N/A,0.00,0.0,18545.25,-48.95,0.00,False
20141203,12:00,18694.55,10:10,18518.00,09:26,True,12:20,False,N/A,True,False,18723.65,12:45,29.10,0.16,18591.95,14:30,-102.60,-0.55,0.00,N/A,0.00,0.0,0.00,N/A,0.00,0.0,18628.65,-65.90,0.00,False
20141204,12:00,18791.65,09:15,18575.35,11:17,True,15:04,False,N/A,True,False,18793.15,15:04,1.50,0.01,18603.65,13:58,-188.00,-1.0,0.00,N/A,0.00,0.0,0.00,N/A,0.00,0.0,18777.55,-14.10,0.00,False
20141205,12:00,18875.45,10:41,18742.30,09:19,False,N/A,True,15:21,False,True,0.00,N/A,0.00,0.0,0.00,N/A,0.00,0.0,18706.25,15:29,36.05,0.19,18856.70,12:09,-114.40,-0.61,18717.10,0.00,25.20,False
20141208,12:00,18790.00,09:58,18686.80,09:22,False,N/A,True,12:25,False,True,0.00,N/A,0.00,0.0,0.00,N/A,0.00,0.0,18486.55,15:26,200.25,1.07,18719.10,12:09,-32.30,-0.17,18506.70,0.00,180.10,False
20141209,12:00,18585.35,09:43,18436.25,11:56,False,N/A,True,12:30,False,True,0.00,N/A,0.00,0.0,0.00,N/A,0.00,0.0,18248.10,14:59,188.15,1.02,18496.90,12:09,-60.65,-0.33,18305.20,0.00,131.05,False
20141210,12:00,18443.65,11:37,18210.15,09:15,True,12:16,False,N/A,True,False,18532.90,12:58,89.25,0.48,18402.85,12:05,-40.80,-0.22,0.00,N/A,0.00,0.0,0.00,N/A,0.00,0.0,18477.05,33.40,0.00,False
20141211,12:00,18477.50,09:21,18222.20,11:31,True,14:03,True,12:03,True,False,18529.65,14:29,52.15,0.28,18218.40,12:04,-259.10,-1.4,18218.40,12:04,3.80,0.02,18529.65,14:29,-307.45,-1.69,18403.40,-74.10,-181.20,False
20141212,12:00,18501.75,10:36,18341.35,11:37,False,N/A,True,14:05,False,True,0.00,N/A,0.00,0.0,0.00,N/A,0.00,0.0,18236.55,14:47,104.80,0.57,18439.45,13:20,-98.10,-0.53,18305.40,0.00,35.95,False
20141215,12:00,18470.05,10:21,18157.25,09:15,False,N/A,False,N/A,False,False,0.00,N/A,0.00,0.0,0.00,N/A,0.00,0.0,0.00,N/A,0.00,0.0,0.00,N/A,0.00,0.0,18370.40,0.00,0.00,True
20141216,12:00,18308.95,09:20,17852.30,11:30,False,N/A,True,14:28,False,True,0.00,N/A,0.00,0.0,0.00,N/A,0.00,0.0,17776.35,15:20,75.95,0.43,18017.70,13:41,-165.40,-0.93,17829.75,0.00,22.55,False
20141217,12:00,17927.35,12:00,17502.45,10:11,True,12:01,False,N/A,True,False,18051.85,13:30,124.50,0.69,17760.75,12:55,-166.60,-0.93,0.00,N/A,0.00,0.0,0.00,N/A,0.00,0.0,17881.85,-45.50,0.00,False
20141218,12:00,18298.90,09:15,18109.35,11:16,True,14:50,False,N/A,True,False,18351.00,15:27,52.10,0.28,18136.00,12:19,-162.90,-0.89,0.00,N/A,0.00,0.0,0.00,N/A,0.00,0.0,18347.05,48.15,0.00,False
20141219,12:00,18563.60,09:15,18413.75,11:26,False,N/A,False,N/A,False,False,0.00,N/A,0.00,0.0,0.00,N/A,0.00,0.0,0.00,N/A,0.00,0.0,0.00,N/A,0.00,0.0,18474.55,0.00,0.00,True
20141222,12:00,18561.65,09:15,18429.80,09:32,True,14:36,True,12:12,True,False,18796.95,15:28,235.30,1.27,18424.00,12:13,-137.65,-0.74,18424.00,12:13,5.80,0.03,18796.95,15:28,-367.15,-1.99,18792.95,231.30,-363.15,False
20141223,12:00,18923.60,09:48,18737.00,09:15,False,N/A,True,12:14,False,True,0.00,N/A,0.00,0.0,0.00,N/A,0.00,0.0,18558.50,14:22,178.50,0.95,18800.40,12:09,-63.40,-0.34,18597.45,0.00,139.55,False
20141224,12:00,18674.40,09:25,18556.80,11:51,True,14:01,True,12:01,True,True,18709.15,14:03,34.75,0.19,18493.30,15:16,-181.10,-0.97,18493.30,15:16,63.50,0.34,18709.15,14:03,-152.35,-0.82,18559.20,-115.20,-2.40,False
20141226,12:00,18681.75,09:25,18543.80,09:50,False,N/A,True,12:44,False,True,0.00,N/A,0.00,0.0,0.00,N/A,0.00,0.0,18448.60,13:28,95.20,0.51,18596.00,12:06,-52.20,-0.28,18557.70,0.00,-13.90,False
20141229,12:00,18700.70,09:21,18575.55,11:45,False,N/A,True,12:58,False,True,0.00,N/A,0.00,0.0,0.00,N/A,0.00,0.0,18506.90,15:27,68.65,0.37,18634.90,12:39,-59.35,-0.32,18509.50,0.00,66.05,False
20141230,12:00,18574.60,09:15,18428.10,09:22,True,13:06,False,N/A,True,False,18671.95,15:23,97.35,0.52,18440.65,12:19,-133.95,-0.72,0.00,N/A,0.00,0.0,0.00,N/A,0.00,0.0,18665.55,90.95,0.00,False
20141231,12:00,18763.60,10:16,18665.30,09:18,True,14:50,False,N/A,True,False,18774.20,14:51,10.60,0.06,18686.30,13:23,-77.30,-0.41,0.00,N/A,0.00,0.0,0.00,N/A,0.00,0.0,18718.60,-45.00,0.00,False
